Function;Size(Bytes);0;1;2;3;4;5;6;7;8;9;10;11;12;13;14;15;16;17;18;19;20;21;22;23;24;25;26;27;28;29;30;31;32;33;34;35;36;37;38;39;40;41;42;43;44;45;46;47;48;49;50;51;52;53;54;55;56;57;58;59;60;61;62;63;64;65;66;67;68;69;70;71;72;73;74;75;76;77;78;79;80;81;82;83;84;85;86;87;88;89;90;91;92;93;94;95;96;97;98;99
Copy;16;0.0237658;0.108768;0.113749;0.160228;0.136708;0.126281;0.130712;0.186265;0.126281;0.135465;0.124176;0.14609;0.141916;0.150517;0.144671;0.173269;0.150517;0.139263;0.152053;0.152053;0.139263;0.141916;0.181721;0.169331;0.136708;0.158523;0.149012;0.15362;0.133046;0.161969;0.152053;0.158523;0.191041;0.165568;0.165568;0.14609;0.206961;0.147536;0.229249;0.219135;0.167429;0.209876;0.171278;0.188622;0.201367;0.219135;0.188622;0.161969;0.222405;0.156854;0.219135;0.173269;0.209876;0.219135;0.181721;0.139263;0.161969;0.167429;0.175308;0.196068;0.161969;0.15362;0.193522;0.15522;0.222405;0.173269;0.206961;0.183965;0.222405;0.206961;0.219135;0.219135;0.193522;0.209876;0.181721;0.229249;0.201367;0.232831;0.206961;0.198682;0.209876;0.209876;0.179532;0.201367;0.222405;0.212874;0.193522;0.15362;0.193522;0.196068;0.156854;0.181721;0.209876;0.225775;0.158523;0.165568;0.149012;0.188622;0.204125;0.201367
Mul;16;0.0726886;0.0961365;0.130712;0.139263;0.188622;0.12736;0.179532;0.165568;0.181721;0.177395;0.129575;0.15522;0.219135;0.165568;0.149012;0.206961;0.196068;0.14609;0.158523;0.209876;0.193522;0.177395;0.177395;0.169331;0.135465;0.186265;0.198682;0.140577;0.144671;0.181721;0.201367;0.152053;0.229249;0.229249;0.141916;0.193522;0.179532;0.136708;0.219135;0.215959;0.229249;0.173269;0.186265;0.186265;0.183965;0.196068;0.158523;0.141916;0.171278;0.169331;0.186265;0.206961;0.225775;0.183965;0.152053;0.15522;0.150517;0.209876;0.167429;0.149012;0.150517;0.152053;0.150517;0.209876;0.15362;0.219135;0.193522;0.163749;0.169331;0.198682;0.219135;0.196068;0.219135;0.186265;0.201367;0.219135;0.225775;0.160228;0.204125;0.222405;0.212874;0.206961;0.198682;0.212874;0.212874;0.222405;0.181721;0.181721;0.158523;0.167429;0.134245;0.215959;0.219135;0.219135;0.165568;0.175308;0.147536;0.179532;0.183965;0.219135
Add;24;0.0512655;0.142368;0.212874;0.197803;0.306188;0.328702;0.302051;0.235281;0.210865;0.256917;0.217007;0.294102;0.262962;0.217007;0.232831;0.266092;0.214921;0.206961;0.286561;0.286561;0.189422;0.217007;0.266092;0.23043;0.23043;0.294102;0.253997;0.192687;0.306188;0.235281;0.219135;0.23043;0.338663;0.314813;0.214921;0.242954;0.314813;0.221304;0.290282;0.310441;0.306188;0.294102;0.306188;0.269298;0.349246;0.298023;0.302051;0.333608;0.294102;0.237784;0.314813;0.259904;0.310441;0.306188;0.225775;0.23043;0.333608;0.306188;0.333608;0.235281;0.23043;0.228079;0.219135;0.333608;0.333608;0.343873;0.319311;0.310441;0.338663;0.306188;0.245624;0.298023;0.338663;0.310441;0.323938;0.323938;0.333608;0.343873;0.338663;0.310441;0.275947;0.310441;0.272582;0.349246;0.298023;0.328702;0.251143;0.298023;0.23043;0.23043;0.240341;0.306188;0.314813;0.306188;0.237784;0.225775;0.245624;0.333608;0.266092;0.323938
Triad;24;0.12349;0.153094;0.314813;0.219135;0.266092;0.219135;0.266092;0.235281;0.319311;0.219135;0.219135;0.259904;0.242954;0.206961;0.219135;0.232831;0.237784;0.181721;0.298023;0.235281;0.245624;0.221304;0.256917;0.23043;0.223517;0.272582;0.232831;0.219135;0.275947;0.235281;0.235281;0.223517;0.333608;0.310441;0.294102;0.232831;0.294102;0.256917;0.343873;0.319311;0.323938;0.310441;0.269298;0.333608;0.314813;0.269298;0.269298;0.256917;0.266092;0.225775;0.256917;0.306188;0.328702;0.333608;0.256917;0.214921;0.242954;0.323938;0.256917;0.225775;0.208895;0.208895;0.232831;0.279397;0.228079;0.290282;0.298023;0.328702;0.282933;0.328702;0.343873;0.333608;0.314813;0.343873;0.323938;0.333608;0.333608;0.319311;0.323938;0.328702;0.333608;0.323938;0.338663;0.294102;0.323938;0.282933;0.306188;0.210865;0.221304;0.248353;0.232831;0.310441;0.290282;0.343873;0.306188;0.225775;0.269298;0.294102;0.294102;0.319311
Dot;16;0.0709579;0.131869;0.140577;0.106437;0.133046;0.14328;0.144671;0.131869;0.181721;0.149012;0.15522;0.177395;0.147536;0.139263;0.196068;0.196068;0.136708;0.15362;0.173269;0.163749;0.129575;0.158523;0.204125;0.175308;0.128458;0.188622;0.150517;0.149012;0.191041;0.156854;0.136708;0.135465;0.212874;0.150517;0.12736;0.14328;0.201367;0.198682;0.144671;0.206961;0.186265;0.161969;0.191041;0.196068;0.15522;0.209876;0.160228;0.14328;0.156854;0.173269;0.204125;0.177395;0.156854;0.171278;0.15362;0.15522;0.12315;0.171278;0.152053;0.14609;0.152053;0.133046;0.15362;0.198682;0.201367;0.183965;0.188622;0.179532;0.204125;0.204125;0.198682;0.196068;0.201367;0.186265;0.206961;0.206961;0.191041;0.179532;0.196068;0.201367;0.191041;0.160228;0.212874;0.177395;0.204125;0.196068;0.150517;0.198682;0.158523;0.169331;0.133046;0.206961;0.209876;0.191041;0.136708;0.14328;0.169331;0.163749;0.188622;0.156854
Nstream;32;0.167429;0.259151;0.29218;0.268489;0.382081;0.27093;0.413921;0.289343;0.359064;0.298023;0.29218;0.419751;0.30724;0.320455;0.36793;0.334858;0.268489;0.259151;0.35479;0.30724;0.275947;0.240341;0.392136;0.281154;0.310441;0.301034;0.266092;0.25044;0.359064;0.313709;0.286561;0.377245;0.419751;0.413921;0.313709;0.419751;0.359064;0.397364;0.392136;0.29218;0.359064;0.397364;0.387043;0.317046;0.408251;0.402734;0.363443;0.323938;0.29218;0.413921;0.402734;0.363443;0.350616;0.419751;0.301034;0.338663;0.289343;0.392136;0.317046;0.278526;0.275947;0.402734;0.334858;0.397364;0.408251;0.419751;0.392136;0.298023;0.392136;0.372529;0.382081;0.377245;0.408251;0.36793;0.413921;0.397364;0.413921;0.382081;0.36793;0.313709;0.397364;0.419751;0.413921;0.408251;0.372529;0.397364;0.289343;0.397364;0.2463;0.382081;0.27093;0.387043;0.334858;0.372529;0.327498;0.359064;0.408251;0.419751;0.402734;0.392136
Copy;24;0.102063;0.170624;0.18783;0.242954;0.248353;0.338663;0.333608;0.349246;0.323938;0.323938;0.349246;0.349246;0.343873;0.333608;0.333608;0.333608;0.328702;0.349246;0.338663;0.328702;0.333608;0.338663;0.323938;0.333608;0.333608;0.333608;0.343873;0.323938;0.349246;0.333608;0.323938;0.319311;0.338663;0.328702;0.343873;0.328702;0.343873;0.338663;0.343873;0.343873;0.343873;0.338663;0.343873;0.349246;0.333608;0.343873;0.343873;0.333608;0.349246;0.343873;0.343873;0.343873;0.333608;0.343873;0.333608;0.333608;0.323938;0.343873;0.343873;0.343873;0.343873;0.349246;0.333608;0.333608;0.333608;0.338663;0.333608;0.333608;0.338663;0.349246;0.349246;0.333608;0.343873;0.328702;0.333608;0.349246;0.349246;0.343873;0.343873;0.343873;0.333608;0.338663;0.338663;0.343873;0.343873;0.333608;0.328702;0.323938;0.338663;0.343873;0.333608;0.333608;0.343873;0.343873;0.343873;0.343873;0.338663;0.343873;0.333608;0.338663
Mul;24;0.0883468;0.199569;0.248353;0.256917;0.253997;0.328702;0.323938;0.333608;0.338663;0.338663;0.323938;0.319311;0.328702;0.328702;0.338663;0.338663;0.248353;0.333608;0.333608;0.333608;0.333608;0.310441;0.328702;0.328702;0.338663;0.333608;0.328702;0.333608;0.328702;0.328702;0.328702;0.328702;0.240341;0.328702;0.338663;0.343873;0.333608;0.328702;0.333608;0.328702;0.328702;0.333608;0.328702;0.328702;0.333608;0.338663;0.319311;0.328702;0.338663;0.333608;0.333608;0.343873;0.333608;0.328702;0.338663;0.319311;0.328702;0.338663;0.319311;0.319311;0.319311;0.328702;0.338663;0.328702;0.256917;0.333608;0.333608;0.338663;0.333608;0.319311;0.328702;0.338663;0.343873;0.328702;0.333608;0.328702;0.314813;0.333608;0.338663;0.333608;0.343873;0.333608;0.328702;0.338663;0.333608;0.338663;0.333608;0.338663;0.333608;0.328702;0.338663;0.319311;0.328702;0.333608;0.328702;0.333608;0.323938;0.333608;0.338663;0.338663
Add;36;0.159655;0.310441;0.523869;0.523869;0.493053;0.500412;0.478966;0.493053;0.515809;0.493053;0.493053;0.507994;0.500412;0.500412;0.507994;0.500412;0.515809;0.532184;0.507994;0.515809;0.500412;0.500412;0.500412;0.500412;0.500412;0.465661;0.493053;0.507994;0.507994;0.500412;0.493053;0.478966;0.493053;0.500412;0.515809;0.500412;0.485907;0.515809;0.507994;0.493053;0.507994;0.507994;0.493053;0.500412;0.493053;0.507994;0.523869;0.515809;0.507994;0.500412;0.507994;0.493053;0.507994;0.493053;0.478966;0.507994;0.507994;0.47222;0.515809;0.523869;0.515809;0.507994;0.485907;0.515809;0.507994;0.47222;0.485907;0.507994;0.523869;0.515809;0.493053;0.515809;0.507994;0.515809;0.507994;0.507994;0.507994;0.493053;0.478966;0.485907;0.515809;0.523869;0.500412;0.507994;0.515809;0.465661;0.478966;0.478966;0.507994;0.493053;0.507994;0.507994;0.507994;0.500412;0.515809;0.507994;0.515809;0.500412;0.500412;0.500412
Triad;36;0.231225;0.196068;0.478966;0.500412;0.507994;0.493053;0.500412;0.485907;0.485907;0.478966;0.500412;0.493053;0.507994;0.485907;0.500412;0.500412;0.485907;0.500412;0.500412;0.493053;0.493053;0.493053;0.493053;0.515809;0.493053;0.500412;0.500412;0.485907;0.478966;0.493053;0.507994;0.493053;0.408873;0.485907;0.493053;0.47222;0.485907;0.493053;0.493053;0.493053;0.507994;0.493053;0.500412;0.500412;0.485907;0.485907;0.47222;0.485907;0.465661;0.485907;0.493053;0.500412;0.493053;0.500412;0.500412;0.493053;0.500412;0.500412;0.485907;0.485907;0.485907;0.478966;0.493053;0.478966;0.493053;0.485907;0.515809;0.500412;0.478966;0.485907;0.493053;0.493053;0.47222;0.493053;0.478966;0.493053;0.493053;0.493053;0.500412;0.485907;0.493053;0.478966;0.485907;0.47222;0.493053;0.500412;0.515809;0.500412;0.500412;0.478966;0.500412;0.493053;0.485907;0.485907;0.485907;0.500412;0.500412;0.478966;0.493053;0.485907
Dot;24;0.122812;0.310441;0.266092;0.275947;0.298023;0.310441;0.310441;0.306188;0.298023;0.310441;0.306188;0.310441;0.310441;0.306188;0.306188;0.306188;0.310441;0.310441;0.306188;0.306188;0.298023;0.298023;0.310441;0.310441;0.302051;0.306188;0.310441;0.314813;0.306188;0.310441;0.302051;0.298023;0.266092;0.306188;0.310441;0.298023;0.306188;0.310441;0.310441;0.310441;0.310441;0.306188;0.310441;0.310441;0.306188;0.314813;0.314813;0.310441;0.302051;0.306188;0.310441;0.306188;0.310441;0.310441;0.306188;0.310441;0.314813;0.298023;0.302051;0.298023;0.298023;0.306188;0.306188;0.306188;0.319311;0.302051;0.310441;0.298023;0.310441;0.310441;0.310441;0.298023;0.310441;0.310441;0.310441;0.314813;0.310441;0.306188;0.302051;0.306188;0.298023;0.310441;0.310441;0.306188;0.306188;0.298023;0.290282;0.302051;0.310441;0.310441;0.306188;0.310441;0.314813;0.298023;0.306188;0.302051;0.294102;0.306188;0.302051;0.310441
Nstream;48;0.3083;0.525923;0.525923;0.629627;0.612376;0.612376;0.629627;0.629627;0.612376;0.620882;0.612376;0.612376;0.612376;0.596046;0.620882;0.620882;0.620882;0.596046;0.604101;0.596046;0.620882;0.620882;0.620882;0.647877;0.638621;0.604101;0.638621;0.620882;0.612376;0.620882;0.604101;0.620882;0.620882;0.620882;0.620882;0.612376;0.612376;0.620882;0.620882;0.604101;0.596046;0.620882;0.612376;0.620882;0.620882;0.620882;0.604101;0.612376;0.620882;0.620882;0.620882;0.620882;0.596046;0.629627;0.620882;0.629627;0.604101;0.596046;0.596046;0.612376;0.612376;0.629627;0.620882;0.604101;0.596046;0.620882;0.638621;0.604101;0.612376;0.612376;0.612376;0.620882;0.620882;0.620882;0.612376;0.612376;0.596046;0.580565;0.596046;0.612376;0.612376;0.596046;0.612376;0.620882;0.620882;0.620882;0.620882;0.620882;0.612376;0.629627;0.620882;0.620882;0.596046;0.612376;0.612376;0.620882;0.620882;0.604101;0.620882;0.604101
Copy;32;0.0903101;0.268489;0.320455;0.238419;0.304105;0.261424;0.334858;0.425747;0.363443;0.363443;0.298023;0.392136;0.334858;0.363443;0.338663;0.310441;0.372529;0.419751;0.301034;0.377245;0.397364;0.35479;0.392136;0.444811;0.413921;0.458497;0.444811;0.431918;0.438269;0.45155;0.425747;0.438269;0.402734;0.431918;0.334858;0.346539;0.350616;0.413921;0.372529;0.413921;0.458497;0.444811;0.425747;0.382081;0.438269;0.438269;0.350616;0.480683;0.408251;0.431918;0.413921;0.413921;0.465661;0.392136;0.431918;0.392136;0.402734;0.377245;0.387043;0.431918;0.438269;0.372529;0.387043;0.372529;0.327498;0.438269;0.397364;0.331137;0.402734;0.359064;0.372529;0.408251;0.372529;0.419751;0.402734;0.372529;0.408251;0.408251;0.35479;0.317046;0.413921;0.377245;0.425747;0.342555;0.30724;0.425747;0.346539;0.27093;0.301034;0.397364;0.289343;0.350616;0.317046;0.273416;0.402734;0.298023;0.413921;0.36793;0.444811;0.413921
Mul;32;0.15362;0.225775;0.301034;0.331137;0.278526;0.283832;0.413921;0.438269;0.392136;0.408251;0.327498;0.392136;0.419751;0.402734;0.413921;0.408251;0.45155;0.431918;0.438269;0.402734;0.408251;0.392136;0.363443;0.397364;0.397364;0.392136;0.419751;0.392136;0.425747;0.408251;0.334858;0.408251;0.419751;0.444811;0.397364;0.408251;0.408251;0.36793;0.413921;0.438269;0.431918;0.372529;0.402734;0.397364;0.402734;0.377245;0.444811;0.419751;0.402734;0.350616;0.408251;0.30724;0.350616;0.377245;0.444811;0.372529;0.363443;0.438269;0.387043;0.402734;0.334858;0.363443;0.35479;0.397364;0.425747;0.444811;0.35479;0.372529;0.438269;0.444811;0.387043;0.419751;0.397364;0.392136;0.338663;0.382081;0.431918;0.413921;0.359064;0.331137;0.438269;0.444811;0.402734;0.372529;0.431918;0.359064;0.286561;0.36793;0.323938;0.438269;0.334858;0.281154;0.295072;0.275947;0.359064;0.27093;0.413921;0.323938;0.413921;0.419751
Add;48;0.126999;0.406395;0.507994;0.45155;0.392136;0.410124;0.580565;0.507994;0.438269;0.657404;0.442609;0.447035;0.565867;0.565867;0.620882;0.502286;0.438269;0.485907;0.604101;0.638621;0.519808;0.588204;0.558794;0.558794;0.620882;0.588204;0.629627;0.558794;0.620882;0.677326;0.620882;0.604101;0.629627;0.565867;0.588204;0.588204;0.647877;0.638621;0.638621;0.657404;0.667216;0.657404;0.629627;0.647877;0.604101;0.580565;0.604101;0.604101;0.620882;0.687746;0.480683;0.525923;0.532184;0.525923;0.612376;0.629627;0.558794;0.507994;0.638621;0.638621;0.604101;0.538596;0.573122;0.612376;0.667216;0.580565;0.647877;0.629627;0.667216;0.596046;0.629627;0.677326;0.470563;0.647877;0.629627;0.565867;0.596046;0.551895;0.519808;0.485907;0.638621;0.558794;0.519808;0.513833;0.545164;0.485907;0.502286;0.596046;0.588204;0.588204;0.551895;0.425747;0.502286;0.410124;0.638621;0.402734;0.551895;0.657404;0.475569;0.629627
Triad;48;0.210865;0.35479;0.382081;0.480683;0.565867;0.382081;0.513833;0.604101;0.45155;0.629627;0.496705;0.491247;0.402734;0.485907;0.491247;0.470563;0.647877;0.410124;0.507994;0.456158;0.502286;0.558794;0.588204;0.470563;0.588204;0.565867;0.588204;0.491247;0.596046;0.620882;0.532184;0.620882;0.612376;0.580565;0.657404;0.545164;0.475569;0.532184;0.565867;0.620882;0.496705;0.596046;0.565867;0.565867;0.596046;0.538596;0.596046;0.456158;0.612376;0.545164;0.519808;0.399138;0.496705;0.442609;0.629627;0.620882;0.620882;0.119209;0.647877;0.629627;0.573122;0.545164;0.395606;0.638621;0.406395;0.565867;0.629627;0.485907;0.657404;0.596046;0.604101;0.620882;0.438269;0.580565;0.629627;0.491247;0.588204;0.612376;0.612376;0.491247;0.532184;0.573122;0.558794;0.545164;0.465661;0.525923;0.480683;0.513833;0.410124;0.438269;0.475569;0.525923;0.421731;0.406395;0.402734;0.421731;0.513833;0.538596;0.620882;0.519808
Dot;32;0.154416;0.220758;0.27093;0.29218;0.359064;0.392136;0.397364;0.327498;0.377245;0.36793;0.338663;0.382081;0.392136;0.36793;0.281154;0.289343;0.334858;0.377245;0.363443;0.372529;0.313709;0.372529;0.372529;0.35479;0.377245;0.413921;0.387043;0.377245;0.350616;0.392136;0.36793;0.331137;0.36793;0.382081;0.387043;0.359064;0.382081;0.382081;0.36793;0.359064;0.377245;0.397364;0.382081;0.377245;0.338663;0.372529;0.377245;0.35479;0.301034;0.392136;0.350616;0.323938;0.372529;0.281154;0.286561;0.392136;0.363443;0.317046;0.363443;0.350616;0.363443;0.36793;0.313709;0.382081;0.36793;0.397364;0.382081;0.387043;0.402734;0.372529;0.346539;0.377245;0.278526;0.36793;0.377245;0.377245;0.382081;0.323938;0.382081;0.35479;0.387043;0.313709;0.342555;0.320455;0.392136;0.301034;0.29218;0.310441;0.286561;0.286561;0.30724;0.298023;0.286561;0.295072;0.286561;0.268489;0.363443;0.387043;0.35479;0.35479
Nstream;64;0.289343;0.384546;0.584359;0.505124;0.43507;0.718128;0.816502;0.634092;0.488563;0.685111;0.620882;0.764162;0.764162;0.784272;0.685111;0.764162;0.764162;0.693077;0.546832;0.662274;0.488563;0.754489;0.73586;0.718128;0.73586;0.627417;0.685111;0.816502;0.718128;0.784272;0.754489;0.709579;0.794729;0.774086;0.794729;0.774086;0.784272;0.627417;0.784272;0.764162;0.590145;0.693077;0.794729;0.726886;0.73586;0.774086;0.794729;0.677326;0.784272;0.754489;0.620882;0.794729;0.784272;0.73586;0.488563;0.754489;0.557053;0.754489;0.784272;0.745058;0.784272;0.647877;0.557053;0.718128;0.827842;0.709579;0.627417;0.754489;0.774086;0.677326;0.578686;0.774086;0.557053;0.745058;0.685111;0.805468;0.620882;0.754489;0.693077;0.634092;0.627417;0.634092;0.64091;0.654996;0.584359;0.701231;0.709579;0.677326;0.634092;0.527475;0.509441;0.754489;0.677326;0.784272;0.500879;0.654996;0.718128;0.602067;0.774086;0.774086
Copy;48;0.209876;0.388726;0.496705;0.525923;0.638621;0.638621;0.657404;0.657404;0.647877;0.687746;0.667216;0.677326;0.657404;0.657404;0.638621;0.657404;0.667216;0.687746;0.667216;0.657404;0.667216;0.638621;0.667216;0.657404;0.677326;0.677326;0.657404;0.677326;0.657404;0.677326;0.667216;0.667216;0.667216;0.677326;0.667216;0.677326;0.667216;0.667216;0.677326;0.657404;0.687746;0.647877;0.667216;0.667216;0.667216;0.667216;0.647877;0.667216;0.667216;0.647877;0.667216;0.667216;0.545164;0.604101;0.447035;0.538596;0.438269;0.402734;0.647877;0.513833;0.456158;0.647877;0.491247;0.551895;0.580565;0.465661;0.406395;0.395606;0.421731;0.698492;0.551895;0.588204;0.399138;0.434014;0.558794;0.612376;0.620882;0.538596;0.525923;0.647877;0.558794;0.629627;0.629627;0.513833;0.480683;0.425747;0.580565;0.573122;0.558794;0.558794;0.612376;0.460861;0.612376;0.604101;0.596046;0.558794;0.604101;0.438269;0.573122;0.612376
Mul;48;0.240341;0.385375;0.588204;0.588204;0.629627;0.596046;0.580565;0.573122;0.580565;0.565867;0.573122;0.604101;0.580565;0.596046;0.588204;0.629627;0.565867;0.612376;0.573122;0.604101;0.588204;0.638621;0.580565;0.647877;0.588204;0.647877;0.596046;0.657404;0.588204;0.629627;0.596046;0.647877;0.596046;0.588204;0.573122;0.647877;0.588204;0.629627;0.565867;0.629627;0.573122;0.612376;0.588204;0.620882;0.604101;0.629627;0.596046;0.657404;0.573122;0.629627;0.558794;0.382081;0.538596;0.551895;0.532184;0.502286;0.491247;0.341248;0.470563;0.507994;0.45155;0.588204;0.573122;0.551895;0.392136;0.425747;0.438269;0.395606;0.425747;0.460861;0.532184;0.485907;0.395606;0.551895;0.551895;0.491247;0.442609;0.470563;0.551895;0.545164;0.532184;0.357628;0.470563;0.538596;0.588204;0.395606;0.588204;0.45155;0.580565;0.491247;0.491247;0.596046;0.525923;0.502286;0.596046;0.580565;0.532184;0.558794;0.475569;0.580565
Add;72;0.376715;0.504175;0.89407;0.94444;0.971815;0.94444;0.957932;0.94444;0.94444;0.94444;0.971815;0.986106;0.971815;0.94444;0.94444;0.957932;0.957932;0.971815;0.986106;0.971815;1.00082;0.971815;0.986106;0.957932;0.971815;0.986106;0.986106;0.971815;0.971815;0.94444;0.94444;0.971815;0.971815;0.986106;0.971815;0.957932;0.94444;0.971815;0.94444;0.94444;0.931323;0.94444;0.931323;0.94444;0.931323;0.957932;0.918565;0.971815;0.957932;0.971815;0.94444;0.906152;0.882306;0.8488;0.931323;0.918565;0.827842;0.663913;0.779712;0.798276;0.931323;0.620882;0.588204;0.657404;0.663913;0.753429;0.536442;0.593409;0.684237;0.588204;0.663913;0.77075;0.83819;0.8488;0.870847;0.882306;0.713353;0.615186;0.906152;0.94444;0.77075;0.684237;0.77075;0.807894;0.807894;0.882306;0.89407;0.604101;0.788885;0.882306;0.89407;0.859682;0.713353;0.870847;0.663913;0.705844;0.663913;0.807894;0.859682;0.94444
Triad;72;0.333608;0.588204;0.604101;0.918565;0.89407;0.89407;0.931323;0.906152;0.931323;1.00082;0.971815;0.971815;0.957932;0.931323;0.89407;0.94444;0.957932;0.89407;0.918565;0.957932;0.94444;0.94444;0.957932;0.957932;0.957932;0.957932;0.957932;0.94444;0.971815;0.94444;0.971815;0.94444;0.918565;0.971815;0.94444;0.957932;0.94444;0.89407;0.931323;0.931323;0.931323;0.906152;0.957932;0.931323;0.957932;0.918565;0.94444;0.931323;0.957932;0.931323;0.94444;0.827842;0.89407;0.670552;0.817747;0.736871;0.705844;0.77075;0.684237;0.728861;0.670552;0.615186;0.604101;0.677326;0.657404;0.8488;0.536442;0.532184;0.807894;0.761991;0.753429;0.713353;0.713353;0.859682;0.882306;0.788885;0.753429;0.798276;0.882306;0.870847;0.870847;0.807894;0.827842;0.745058;0.918565;0.931323;0.691291;0.598707;0.684237;0.906152;0.615186;0.728861;0.736871;0.882306;0.882306;0.753429;0.761991;0.817747;0.798276;0.918565
Dot;48;0.256917;0.538596;0.525923;0.538596;0.545164;0.551895;0.538596;0.551895;0.565867;0.538596;0.519808;0.538596;0.525923;0.513833;0.532184;0.532184;0.382081;0.538596;0.532184;0.558794;0.538596;0.532184;0.532184;0.545164;0.538596;0.532184;0.532184;0.525923;0.532184;0.545164;0.532184;0.538596;0.565867;0.538596;0.558794;0.545164;0.545164;0.538596;0.532184;0.525923;0.532184;0.545164;0.519808;0.532184;0.532184;0.545164;0.545164;0.519808;0.525923;0.538596;0.538596;0.532184;0.507994;0.480683;0.532184;0.502286;0.525923;0.378843;0.538596;0.413921;0.438269;0.532184;0.513833;0.532184;0.470563;0.507994;0.502286;0.36945;0.496705;0.41779;0.491247;0.491247;0.460861;0.532184;0.460861;0.513833;0.480683;0.513833;0.456158;0.513833;0.406395;0.532184;0.425747;0.421731;0.513833;0.525923;0.491247;0.475569;0.438269;0.513833;0.538596;0.519808;0.532184;0.513833;0.513833;0.538596;0.519808;0.525923;0.491247;0.513833
Nstream;96;0.548509;0.941126;1.10379;1.16113;1.11759;1.13173;1.10379;1.10379;1.14624;1.11759;1.11759;1.09033;1.10379;1.13173;1.11759;1.11759;1.16113;1.09033;1.09033;1.13173;1.11759;1.13173;1.13173;1.13173;1.13173;1.13173;1.11759;1.13173;1.13173;1.07719;1.13173;1.13173;1.10379;1.09033;1.13173;1.11759;1.13173;1.07719;1.14624;1.11759;1.10379;1.09033;1.07719;1.09033;1.10379;1.09033;1.10379;1.09033;1.11759;1.07719;1.11759;0.982494;1.09033;0.859682;1.02767;1.03962;0.982494;0.835579;1.02767;1.03962;0.859682;0.912316;1.01599;1.06437;0.764162;0.931323;0.791212;0.652606;0.885217;0.921721;0.941126;0.868029;1.00457;1.06437;0.757686;1.09033;0.993411;1.06437;1.07719;0.971815;1.03962;1.10379;1.11759;1.09033;1.13173;0.812791;1.05185;1.01599;1.06437;1.07719;0.951138;1.06437;0.903101;1.10379;1.07719;0.971815;0.912316;0.951138;1.00457;1.02767
Copy;64;0.139589;0.794729;0.654996;0.718128;0.805468;0.614481;0.614481;0.64091;0.647877;0.839502;0.764162;0.654996;0.596046;0.602067;0.73586;0.827842;0.745058;0.462052;0.745058;0.794729;0.73586;0.754489;0.764162;0.602067;0.754489;0.496705;0.54186;0.536979;0.718128;0.473053;0.839502;0.784272;0.546832;0.718128;0.527475;0.745058;0.578686;0.685111;0.718128;0.805468;0.64091;0.654996;0.784272;0.784272;0.634092;0.693077;0.839502;0.709579;0.685111;0.518301;0.536979;0.54186;0.573122;0.513833;0.64091;0.709579;0.654996;0.350616;0.73586;0.677326;0.794729;0.794729;0.677326;0.654996;0.522848;0.827842;0.608211;0.505124;0.827842;0.709579;0.73586;0.754489;0.709579;0.627417;0.662274;0.784272;0.627417;0.567663;0.608211;0.754489;0.794729;0.584359;0.685111;0.693077;0.863835;0.557053;0.726886;0.647877;0.513833;0.54186;0.578686;0.654996;0.654996;0.590145;0.584359;0.701231;0.590145;0.784272;0.794729;0.669715
Mul;64;0.156443;0.400031;0.634092;0.889622;0.647877;0.73586;0.774086;0.669715;0.851495;0.827842;0.863835;0.816502;0.774086;0.794729;0.677326;0.693077;0.608211;0.709579;0.662274;0.567663;0.496705;0.73586;0.685111;0.602067;0.685111;0.620882;0.620882;0.596046;0.532184;0.562308;0.627417;0.614481;0.614481;0.562308;0.54186;0.602067;0.685111;0.863835;0.73586;0.827842;0.567663;0.620882;0.745058;0.408251;0.634092;0.614481;0.863835;0.608211;0.805468;0.614481;0.677326;0.546832;0.627417;0.527475;0.551895;0.654996;0.816502;0.764162;0.839502;0.764162;0.839502;0.562308;0.816502;0.634092;0.584359;0.647877;0.693077;0.602067;0.647877;0.73586;0.627417;0.745058;0.693077;0.693077;0.876539;0.73586;0.518301;0.677326;0.64091;0.73586;0.794729;0.851495;0.669715;0.816502;0.602067;0.774086;0.614481;0.634092;0.590145;0.54186;0.54186;0.627417;0.73586;0.567663;0.64091;0.627417;0.573122;0.827842;0.627417;0.701231
Add;96;0.255448;0.507994;0.812791;0.745058;1.17641;0.667216;0.89407;1.06437;1.25925;1.09033;1.19209;1.10379;0.931323;1.07719;1.25925;1.35465;1.05185;0.876539;0.921721;0.912316;1.17641;1.01599;1.13173;0.951138;0.89407;0.876539;0.751319;1.10379;1.01599;1.19209;1.00457;0.993411;1.09033;0.951138;0.726886;1.10379;1.10379;0.982494;1.16113;0.885217;0.941126;1.16113;1.17641;0.612376;1.22475;1.37549;1.24176;1.13173;1.02767;0.912316;0.859682;0.982494;1.07719;0.757686;0.931323;1.07719;1.00457;1.29575;1.17641;1.11759;1.13173;1.07719;1.01599;0.89407;0.876539;1.2082;0.921721;0.798276;1.10379;1.05185;1.11759;0.921721;1.31481;0.982494;1.25925;1.2082;1.22475;0.885217;0.777452;1.17641;0.993411;0.903101;0.903101;0.89407;1.02767;1.14624;1.14624;0.876539;0.868029;0.843462;0.784272;0.843462;0.859682;0.777452;0.784272;1.09033;0.820247;0.177747;1.29575;1.14624
Triad;96;0.493961;0.513833;0.703992;0.805468;0.951138;0.961365;0.951138;0.859682;1.19209;1.09033;0.982494;1.16113;1.09033;0.931323;1.09033;1.24176;0.868029;1.10379;0.851495;1.17641;1.2082;0.971815;1.09033;0.982494;0.885217;0.971815;0.777452;1.07719;0.971815;1.25925;0.912316;1.07719;0.951138;0.971815;0.777452;1.10379;0.921721;1.07719;0.961365;0.971815;1.09033;1.03962;1.10379;1.10379;1.17641;1.2082;1.24176;1.06437;0.820247;1.22475;0.993411;1.17641;0.843462;0.757686;1.07719;0.835579;0.812791;1.11759;1.19209;1.22475;1.25925;0.912316;0.931323;0.868029;0.885217;1.09033;0.777452;1.05185;1.24176;1.03962;1.16113;0.982494;1.02767;0.89407;0.876539;0.912316;0.859682;1.17641;1.13173;1.16113;1.07719;1.09033;1.11759;1.24176;1.05185;1.00457;0.931323;0.951138;0.764162;0.745058;0.912316;0.885217;0.843462;0.777452;0.791212;1.03962;0.868029;1.24176;1.24176;0.961365
Dot;64;0.308832;0.522848;0.469328;0.620882;0.634092;0.654996;0.527475;0.562308;0.662274;0.620882;0.634092;0.536979;0.654996;0.627417;0.634092;0.602067;0.557053;0.578686;0.562308;0.620882;0.573122;0.634092;0.567663;0.557053;0.634092;0.505124;0.522848;0.654996;0.522848;0.654996;0.608211;0.634092;0.54186;0.513833;0.614481;0.557053;0.608211;0.634092;0.590145;0.562308;0.627417;0.647877;0.620882;0.620882;0.654996;0.64091;0.64091;0.562308;0.546832;0.518301;0.627417;0.614481;0.536979;0.532184;0.647877;0.64091;0.536979;0.654996;0.654996;0.608211;0.634092;0.627417;0.662274;0.562308;0.509441;0.532184;0.513833;0.518301;0.602067;0.590145;0.590145;0.54186;0.551895;0.551895;0.634092;0.567663;0.64091;0.602067;0.546832;0.647877;0.614481;0.546832;0.562308;0.602067;0.562308;0.634092;0.532184;0.596046;0.522848;0.578686;0.536979;0.527475;0.536979;0.513833;0.64091;0.551895;0.567663;0.608211;0.567663;0.573122
Nstream;128;0.546832;1.01025;1.41916;1.30999;1.35465;1.16872;1.26818;0.924103;1.13533;1.30999;1.45377;1.26818;1.37022;1.41916;1.58946;1.37022;1.0366;1.40246;1.33943;1.30999;1.49012;1.45377;1.43626;1.54817;1.40246;1.02767;0.985201;1.52832;0.985201;1.58946;1.24176;1.20413;1.26818;1.21642;1.02767;1.43626;1.45377;1.47172;1.56854;1.01025;1.49012;0.230579;1.54817;1.20413;1.50898;1.30999;1.43626;1.41916;1.14624;1.07396;1.50898;1.32455;1.41916;0.961365;1.12462;1.30999;1.679;1.26818;1.32455;1.18029;1.24176;1.54817;1.26818;1.65568;1.633;1.21642;0.985201;1.18029;1.45377;1.13533;1.20413;1.30999;1.29575;1.10379;1.56854;1.56854;1.30999;1.25483;1.11411;1.15737;1.18029;1.54817;1.29575;1.06437;1.02767;1.13533;1.11411;1.30999;1.00176;1.37022;1.12462;1.24176;1.0457;1.19209;1.21642;1.47172;1.37022;1.56854;0.74043;1.65568
Copy;88;0.321398;0.598222;0.853712;1.18777;1.09275;1.12269;1.09275;1.17081;1.13828;1.10752;1.17081;1.13828;1.17081;1.15432;1.15432;1.15432;1.13828;1.13828;1.15432;1.12269;1.13828;1.12269;1.13828;1.12269;1.12269;1.13828;1.12269;1.13828;1.13828;1.12269;1.13828;1.13828;1.10752;1.18777;1.12269;1.09275;1.13828;1.13828;1.13828;1.07837;1.12269;1.12269;1.13828;1.13828;1.13828;1.12269;1.09275;1.13828;1.13828;1.09275;1.13828;1.13828;1.13828;1.12269;1.12269;1.09275;1.13828;1.13828;1.13828;1.12269;1.15432;1.10752;1.13828;1.17081;1.13828;1.12269;1.06437;1.13828;1.15432;1.10752;1.10752;1.10752;1.13828;1.13828;1.13828;1.15432;1.09275;1.17081;1.13828;1.15432;1.15432;1.17081;1.18777;1.12269;1.18777;1.10752;1.13828;1.13828;1.15432;1.15432;1.18777;1.13828;1.17081;1.13828;1.12269;1.15432;1.10752;1.13828;1.15432;1.15432
Mul;88;0.224538;0.671774;1.13828;1.13828;1.12269;1.12269;1.15432;1.06437;1.18777;1.13828;1.12269;1.13828;1.12269;1.13828;1.12269;1.13828;1.13828;1.09275;1.12269;1.13828;1.17081;1.12269;1.13828;1.12269;1.13828;1.13828;1.12269;1.13828;1.13828;1.13828;1.15432;1.12269;1.10752;1.07837;1.13828;1.13828;1.12269;1.10752;1.13828;1.12269;1.13828;1.12269;1.12269;1.10752;1.13828;1.13828;1.12269;1.12269;1.12269;1.12269;1.13828;1.13828;1.10752;1.12269;1.13828;1.13828;1.10752;1.10752;1.13828;1.15432;1.10752;1.17081;1.10752;1.07837;1.12269;1.12269;1.13828;1.12269;1.12269;1.13828;1.13828;1.13828;1.13828;1.09275;1.09275;1.09275;1.12269;1.10752;1.13828;1.13828;1.12269;1.13828;1.13828;1.12269;1.09275;1.13828;1.13828;1.13828;1.12269;1.13828;1.13828;1.12269;1.12269;1.09275;1.12269;1.18777;1.09275;1.10752;1.13828;1.09275
Add;132;0.422456;0.897333;1.26737;1.68404;1.63913;1.66128;1.66128;1.70742;1.70742;1.68404;1.70742;1.75621;1.68404;1.70742;1.68404;1.70742;1.63913;1.70742;1.63913;1.68404;1.73147;1.73147;1.66128;1.68404;1.63913;1.70742;1.70742;1.73147;1.70742;1.63913;1.70742;1.70742;1.68404;1.75621;1.68404;1.63913;1.63913;1.63913;1.70742;1.63913;1.68404;1.73147;1.66128;1.70742;1.61756;1.68404;1.68404;1.68404;1.70742;1.63913;1.70742;1.66128;1.68404;1.68404;1.70742;1.70742;1.70742;1.70742;1.70742;1.70742;1.73147;1.68404;1.73147;1.68404;1.70742;1.70742;1.68404;1.73147;1.70742;1.73147;1.68404;1.68404;1.70742;1.70742;1.70742;1.70742;1.61756;1.75621;1.70742;1.73147;1.73147;1.80786;1.70742;1.73147;1.75621;1.75621;1.63913;1.73147;1.73147;1.70742;1.73147;1.75621;1.63913;1.73147;1.73147;1.66128;1.70742;1.73147;1.75621;1.75621
Triad;132;0.465661;1.32188;1.07837;1.33625;1.38129;1.63913;1.63913;1.66128;1.61756;1.68404;1.63913;1.68404;1.63913;1.66128;1.63913;1.73147;1.63913;1.66128;1.70742;1.63913;1.68404;1.70742;1.70742;1.70742;1.70742;1.73147;1.68404;1.70742;1.70742;1.73147;1.70742;1.63913;1.61756;1.68404;1.66128;1.70742;1.63913;1.68404;1.66128;1.66128;1.61756;1.68404;1.70742;1.63913;1.68404;1.70742;1.70742;1.70742;1.68404;1.63913;1.66128;1.70742;1.70742;1.70742;1.70742;1.70742;1.70742;1.68404;1.66128;1.66128;1.66128;1.68404;1.61756;1.63913;1.66128;1.63913;1.63913;1.75621;1.57608;1.61756;1.61756;1.61756;1.61756;1.63913;1.61756;1.59655;1.63913;1.63913;1.70742;1.73147;1.68404;1.66128;1.70742;1.75621;1.70742;1.63913;1.70742;1.68404;1.70742;1.70742;1.66128;1.66128;1.63913;1.68404;1.66128;1.59655;1.66128;1.63913;1.70742;1.59655
Dot;88;0.375947;0.445415;0.616213;0.788042;0.788042;0.803494;0.803494;0.803494;0.803494;0.811449;0.803494;0.819564;0.803494;0.795693;0.795693;0.803494;0.83629;0.803494;0.819564;0.811449;0.811449;0.827842;0.827842;0.827842;0.827842;0.795693;0.811449;0.83629;0.827842;0.827842;0.803494;0.811449;0.827842;0.795693;0.803494;0.811449;0.83629;0.819564;0.811449;0.803494;0.780537;0.811449;0.795693;0.827842;0.795693;0.803494;0.803494;0.803494;0.795693;0.788042;0.819564;0.827842;0.803494;0.803494;0.803494;0.803494;0.773173;0.795693;0.827842;0.827842;0.811449;0.803494;0.803494;0.827842;0.803494;0.795693;0.803494;0.788042;0.827842;0.827842;0.827842;0.811449;0.795693;0.811449;0.811449;0.827842;0.819564;0.827842;0.803494;0.819564;0.844911;0.83629;0.803494;0.827842;0.819564;0.827842;0.819564;0.819564;0.827842;0.827842;0.83629;0.853712;0.811449;0.844911;0.83629;0.827842;0.827842;0.83629;0.862699;0.83629
Nstream;176;0.947473;2.10145;2.1855;2.10145;2.15675;2.1855;2.07485;1.95134;1.90596;1.88405;2.12874;2.02361;2.04891;2.15675;2.07485;2.15675;1.99894;2.07485;1.97485;2.10145;2.07485;2.02361;1.97485;1.97485;2.04891;1.97485;1.95134;2.04891;2.02361;1.99894;2.04891;1.97485;2.10145;1.99894;2.07485;1.97485;1.97485;2.07485;2.07485;2.07485;2.07485;2.02361;2.02361;2.02361;2.04891;1.99894;1.99894;2.04891;2.04891;2.04891;1.97485;2.02361;2.07485;2.04891;2.04891;2.07485;2.04891;2.04891;2.1855;2.07485;2.12874;2.12874;2.02361;2.15675;2.12874;2.07485;1.99894;2.04891;2.12874;2.07485;2.10145;2.12874;2.12874;2.12874;2.12874;2.12874;1.99894;2.10145;2.12874;2.10145;2.10145;2.07485;2.12874;2.10145;2.12874;2.07485;2.12874;2.10145;2.10145;2.02361;2.15675;2.12874;2.15675;2.12874;2.15675;2.10145;2.15675;2.15675;2.15675;2.1855
Copy;128;0.360149;0.754489;0.961365;1.02767;1.30999;1.679;1.61094;1.56854;1.37022;1.25483;1.19209;1.37022;1.33943;1.37022;1.52832;1.21642;1.633;1.54817;1.54817;1.41916;1.25483;1.05495;1.49012;1.29575;1.25483;1.58946;1.33943;1.56854;1.50898;1.13533;1.15737;1.32455;1.58946;1.43626;1.20413;1.50898;1.58946;1.58946;1.38615;1.11411;1.49012;1.38615;1.49012;1.25483;1.58946;1.65568;1.633;1.33943;1.40246;1.02767;1.43626;1.16872;1.32455;1.40246;1.49012;1.49012;1.26818;1.24176;1.01888;0.953674;1.41916;1.37022;1.32455;1.49012;1.15737;1.05495;1.20413;1.49012;1.45377;1.35465;1.45377;1.18029;1.15737;1.56854;1.37022;0.810948;1.72767;1.679;1.679;1.75308;1.679;1.72767;1.75308;1.70299;1.75308;1.75308;1.72767;1.77924;1.75308;1.72767;1.70299;1.679;1.72767;1.75308;1.633;1.679;1.75308;1.72767;1.72767;1.72767
Mul;128;0.581509;1.00176;1.633;1.52832;1.43626;1.50898;1.679;1.24176;1.26818;1.65568;1.21642;1.19209;1.52832;1.40246;1.00176;1.11411;1.24176;1.70299;1.41916;1.30999;1.29575;1.16872;1.54817;1.30999;1.35465;1.679;1.32455;1.56854;1.50898;1.72767;1.01025;1.11411;1.49012;1.24176;1.16872;1.13533;1.26818;1.19209;1.22896;1.22896;1.52832;1.29575;1.37022;1.633;1.26818;1.15737;1.14624;1.20413;1.22896;1.29575;1.15737;1.16872;1.25483;1.72767;1.50898;1.41916;1.26818;1.06437;1.20413;1.05495;1.11411;1.06437;1.32455;1.45377;1.37022;1.13533;1.12462;1.26818;1.35465;1.33943;1.54817;1.28182;1.19209;1.33943;1.633;0.883032;1.61094;1.679;1.70299;1.679;1.679;1.679;1.679;1.65568;1.65568;1.633;1.72767;1.65568;1.65568;1.70299;1.72767;1.679;1.65568;1.61094;1.72767;1.679;1.65568;1.679;1.679;1.65568
Add;192;0.419751;0.863835;1.82463;2.48353;2.51851;2.62962;1.75308;2.12874;1.90228;1.94363;1.64049;2.23517;1.65568;2.15438;1.90228;1.58242;1.61094;1.94363;2.05533;2.00915;2.23517;1.77043;1.90228;1.58242;2.35281;2.32226;2.29249;1.70299;2.38419;2.38419;1.94363;2.44951;1.90228;2.23517;2.4164;2.38419;2.32226;1.78814;1.67116;1.82463;2.48353;1.90228;2.18066;2.05533;1.70299;2.48353;2.20758;2.00915;2.18066;1.39698;2.12874;1.82463;2.12874;2.26347;2.4164;2.44951;2.32226;1.96499;1.5549;1.64049;1.98682;2.29249;2.05533;1.94363;2.05533;1.58242;1.90228;1.64049;2.20758;2.10369;1.90228;1.61094;1.8062;2.07923;2.23517;2.18066;2.32226;2.55448;2.55448;2.62962;2.4164;2.44951;2.55448;2.51851;2.4164;2.51851;2.51851;2.62962;2.51851;2.59151;2.59151;2.59151;2.51851;2.51851;2.59151;2.59151;2.55448;2.59151;2.51851;2.55448
Triad;192;0.738901;1.13894;2.35281;2.23517;2.32226;1.92273;2.20758;2.23517;1.59655;1.56854;1.73606;1.56854;2.38419;1.61094;1.4778;1.2082;2.07923;2.23517;1.8062;1.75308;2.29249;1.8062;1.73606;2.15438;1.94363;2.10369;1.90228;1.68692;1.62558;1.88225;1.1842;2.03198;2.23517;2.26347;2.38419;2.26347;1.98682;1.88225;2.03198;1.77043;2.35281;1.94363;1.58242;2.35281;1.82463;1.98682;2.00915;2.15438;2.03198;1.67116;1.61094;1.90228;2.03198;2.03198;1.88225;1.92273;1.78814;1.70299;1.44205;1.5549;1.77043;1.90228;2.00915;1.4778;1.77043;1.34447;2.32226;1.58242;1.75308;2.26347;2.00915;1.67116;1.88225;2.23517;2.32226;1.96499;2.32226;2.55448;2.48353;2.44951;2.48353;2.48353;2.48353;2.48353;2.48353;2.4164;2.38419;2.44951;2.48353;2.38419;2.48353;2.35281;2.51851;2.44951;2.48353;2.4164;2.51851;2.48353;2.38419;2.51851
Dot;128;0.425747;0.562308;0.977125;0.993411;0.985201;1.02767;0.938656;0.870141;0.985201;0.870141;0.953674;0.931323;0.857621;0.883032;0.851495;0.805468;0.810948;0.985201;0.993411;0.909995;0.985201;0.946105;0.903101;0.938656;0.977125;0.969181;0.876539;0.805468;0.876539;0.953674;0.903101;0.969181;0.953674;0.961365;0.985201;0.953674;0.870141;0.89631;0.953674;0.924103;1.01025;0.977125;0.909995;0.985201;0.931323;0.931323;0.863835;1.00176;0.985201;0.969181;0.903101;0.977125;0.931323;1.01025;0.977125;0.969181;0.993411;0.876539;0.903101;0.977125;0.845456;0.883032;0.876539;0.961365;0.953674;0.784272;0.953674;0.977125;0.870141;1.00176;0.916995;0.810948;0.969181;0.208773;0.953674;0.916995;0.938656;1.01888;1.01025;0.969181;0.993411;0.993411;1.01888;1.01025;1.01025;0.985201;1.01025;1.01025;1.01025;1.01025;1.01025;1.01888;1.01025;0.993411;1.00176;1.01888;1.02767;1.01025;1.00176;1.01025
Nstream;256;1.37022;2.12874;2.36058;2.83832;3.01796;2.40827;2.90754;2.05533;2.29249;1.98682;2.09139;2.61998;2.90754;2.20758;2.05533;1.45377;2.87251;2.83832;2.03777;2.16744;2.16744;2.1099;2.77231;2.74044;2.59151;2.80492;3.01796;1.95425;2.83832;2.87251;2.07321;1.90735;2.98023;2.45792;2.74044;2.77231;2.36058;2.31474;2.03777;2.27065;2.6491;2.87251;2.53637;2.6491;2.59151;2.36058;2.33744;2.31474;2.14792;2.20758;2.16744;2.48353;2.87251;2.98023;2.94344;2.03777;2.27065;2.00352;1.8062;2.48353;2.0205;2.20758;2.74044;1.86265;2.53637;2.0205;2.43284;2.59151;2.31474;2.43284;2.48353;2.16744;2.36058;2.87251;2.90754;1.98682;2.7093;3.09635;3.05665;3.13709;3.13709;3.09635;3.26601;3.17891;3.22187;3.26601;3.17891;3.17891;3.17891;3.26601;3.17891;3.22187;3.17891;3.22187;3.31137;3.09635;3.17891;3.13709;3.13709;3.13709
Copy;184;0.651572;1.47727;1.33878;2.14204;2.16916;2.28484;2.2255;2.2255;2.04004;2.14204;2.1156;2.0898;2.16916;2.04004;2.16916;2.1156;2.14204;2.2255;2.06462;2.1156;2.14204;2.14204;2.06462;2.14204;2.0898;2.14204;2.1156;2.16916;2.06462;2.0898;2.06462;2.16916;2.1156;2.28484;2.04004;2.1156;2.14204;2.0898;2.04004;2.16916;2.14204;2.16916;2.16916;2.1156;2.0898;2.04004;2.06462;2.04004;2.14204;2.14204;2.14204;2.0898;2.14204;2.0898;2.16916;2.16916;2.1156;2.1156;2.04004;2.14204;2.06462;2.16916;2.0898;2.14204;1.96969;2.25478;2.0898;2.1156;2.0898;2.14204;2.14204;2.14204;2.0898;2.1156;2.01604;2.14204;2.1156;2.06462;2.16916;2.06462;2.14204;2.1156;2.16916;2.14204;2.1156;2.0898;2.01604;2.06462;2.16916;2.0898;2.14204;2.14204;2.0898;2.0898;2.0898;2.0898;2.16916;2.1156;2.06462;2.1156
Mul;184;0.892517;1.46464;1.84262;1.57214;2.19697;2.1156;2.1156;2.16916;2.1156;2.28484;2.16916;2.25478;2.25478;2.25478;2.16916;2.19697;2.1156;2.2255;2.14204;2.19697;2.25478;2.14204;2.19697;2.28484;2.1156;2.16916;2.2255;2.25478;2.14204;2.25478;2.19697;2.25478;2.25478;2.2255;2.2255;2.2255;2.16916;2.19697;2.19697;2.28484;2.25478;2.2255;2.16916;2.14204;2.2255;2.25478;2.14204;2.19697;2.2255;2.25478;2.25478;2.16916;2.25478;2.25478;2.2255;2.14204;2.19697;2.25478;2.25478;2.14204;2.25478;2.2255;2.2255;2.16916;2.2255;2.2255;2.2255;2.25478;2.25478;2.2255;2.28484;2.25478;2.25478;2.16916;2.19697;2.25478;2.2255;2.16916;2.31572;2.16916;2.19697;2.1156;2.2255;2.25478;2.14204;2.28484;2.14204;2.25478;2.28484;2.1156;2.25478;2.25478;2.2255;2.14204;2.14204;2.25478;2.28484;2.19697;2.28484;2.25478
Add;276;0.871339;1.73679;3.25373;3.21306;3.1734;3.21306;3.02406;3.1734;3.06006;3.1347;3.09693;3.29545;3.33825;3.29545;3.21306;3.25373;3.25373;3.21306;3.1734;3.1734;3.06006;3.21306;3.1734;3.29545;3.25373;3.21306;3.29545;3.1347;3.29545;3.25373;3.25373;3.1734;3.09693;3.33825;3.09693;3.21306;3.21306;3.25373;3.29545;3.1734;3.1347;3.02406;3.25373;3.33825;3.25373;3.21306;3.21306;3.33825;3.25373;3.1347;3.06006;3.29545;3.25373;3.33825;3.1734;3.21306;3.29545;3.21306;3.21306;3.33825;3.21306;3.25373;3.25373;2.9889;3.02406;2.9889;3.09693;3.09693;3.1347;3.33825;3.21306;3.21306;3.1347;3.1734;3.33825;3.25373;3.1347;3.29545;3.21306;3.21306;3.33825;3.25373;3.38217;3.1734;3.21306;3.21306;3.25373;3.29545;3.25373;3.29545;3.33825;3.25373;3.21306;3.25373;3.25373;3.29545;3.25373;3.21306;3.33825;3.1347
Triad;276;1.02002;1.2725;2.49558;2.44805;3.1347;3.06006;3.06006;3.1347;3.06006;3.1347;3.02406;3.06006;3.02406;3.06006;3.25373;3.21306;3.06006;3.21306;3.1347;3.1734;3.1734;3.06006;3.21306;3.1734;3.21306;3.09693;3.1347;3.21306;3.1734;3.25373;3.1734;3.06006;3.09693;3.1347;3.1734;3.06006;3.06006;3.1734;3.1347;3.1347;3.21306;3.1734;3.1734;3.21306;3.1347;3.02406;3.1347;3.09693;3.1347;3.1734;3.09693;3.1734;3.09693;3.1734;3.1734;3.1734;3.1347;3.1734;3.25373;3.1734;3.09693;3.1734;3.1734;3.1347;3.1347;3.1734;3.1347;3.1734;3.1347;3.09693;3.1734;3.02406;3.1734;3.21306;2.95454;3.09693;3.1734;2.9889;3.09693;3.06006;3.09693;3.1347;3.06006;3.06006;3.09693;3.1734;3.09693;3.1734;2.9889;3.09693;3.25373;3.09693;3.1347;3.1347;3.09693;3.21306;3.09693;3.06006;3.1347;3.09693
Dot;184;0.797039;1.10557;1.18182;1.16574;1.15786;1.21534;1.19835;1.19835;1.18182;1.16574;1.18182;1.20678;1.21534;1.17372;1.16574;1.17372;1.19002;1.18182;1.18182;1.18182;1.19002;1.19835;1.18182;1.17372;1.19835;1.19002;1.21534;1.18182;1.20678;1.18182;1.19835;1.18182;1.20678;1.18182;1.18182;1.20678;1.21534;1.19835;1.19835;1.19002;1.19835;1.19002;1.19835;1.19002;1.21534;1.17372;1.22402;1.19835;1.19835;1.20678;1.19002;1.17372;1.21534;1.19835;1.21534;1.19835;1.19835;1.15786;1.19835;1.17372;1.19002;1.19002;1.19835;1.17372;1.22402;1.19002;1.16574;1.15009;1.17372;1.17372;1.18182;1.19002;1.19835;1.18182;1.18182;1.19002;1.18182;1.17372;1.19835;1.15009;1.19002;1.16574;1.18182;1.17372;1.19835;1.19002;1.15786;1.16574;1.19835;1.18182;1.19002;1.19002;1.19002;1.17372;1.16574;1.19002;1.19002;1.16574;1.16574;1.16574
Nstream;368;1.49012;3.00637;3.72529;3.76623;3.93939;3.64603;3.72529;3.89462;3.72529;3.89462;3.89462;3.85086;3.80807;3.64603;3.64603;3.68523;3.80807;3.76623;3.76623;3.68523;3.80807;3.76623;3.72529;3.72529;3.68523;3.68523;3.72529;3.76623;3.72529;3.68523;3.64603;3.85086;3.76623;3.80807;3.68523;3.85086;3.80807;3.85086;3.76623;3.76623;3.72529;3.64603;3.76623;3.72529;3.72529;3.80807;3.89462;3.76623;3.68523;3.68523;3.68523;3.80807;3.76623;3.76623;3.76623;3.60765;3.80807;3.80807;3.72529;3.85086;3.76623;3.72529;3.68523;3.80807;3.76623;3.93939;3.80807;3.80807;3.89462;3.68523;3.80807;3.76623;3.76623;3.76623;3.89462;3.76623;3.93939;3.80807;3.85086;3.80807;3.76623;3.80807;3.89462;3.72529;3.76623;3.76623;3.80807;3.93939;3.72529;3.89462;3.76623;3.76623;3.76623;3.76623;3.93939;3.89462;3.76623;3.85086;3.85086;3.76623
Copy;256;0.889622;1.76606;2.59151;3.55849;3.45534;3.45534;3.35801;3.35801;3.35801;3.35801;3.40598;3.45534;3.35801;3.40598;3.35801;3.50616;3.35801;3.22187;3.35801;3.45534;3.31137;3.35801;3.22187;3.31137;3.35801;3.35801;3.40598;3.40598;3.45534;3.31137;3.40598;3.45534;3.31137;3.40598;3.40598;3.40598;3.35801;3.50616;3.35801;3.35801;3.40598;3.31137;3.45534;3.35801;3.40598;3.26601;3.45534;3.35801;3.45534;3.35801;3.31137;3.31137;3.45534;3.22187;3.31137;3.31137;3.40598;3.26601;3.50616;3.35801;3.35801;3.50616;3.35801;3.35801;3.35801;3.35801;3.35801;3.31137;3.40598;3.45534;3.35801;3.35801;3.45534;3.40598;3.40598;3.35801;3.45534;3.31137;3.45534;3.40598;3.26601;3.35801;3.22187;3.40598;3.45534;3.35801;3.26601;3.35801;3.26601;3.40598;3.50616;3.45534;3.35801;3.45534;3.45534;3.45534;3.45534;3.50616;3.45534;3.50616
Mul;256;1.29575;1.86265;2.98023;2.53637;3.01796;3.01796;3.09635;3.13709;3.01796;2.98023;3.05665;3.17891;3.05665;3.09635;2.83832;3.01796;3.05665;3.01796;2.98023;3.01796;2.98023;2.98023;3.05665;3.01796;2.98023;2.90754;3.09635;2.94344;3.01796;3.01796;3.01796;3.09635;3.05665;3.01796;2.87251;3.05665;3.05665;3.01796;3.09635;3.01796;2.94344;3.01796;3.05665;3.01796;3.05665;3.01796;2.98023;2.87251;3.17891;3.13709;3.01796;2.98023;3.01796;3.01796;3.05665;3.05665;2.94344;3.01796;3.05665;2.98023;3.05665;2.98023;3.05665;3.09635;2.74044;3.05665;3.05665;3.09635;3.09635;3.05665;3.01796;2.98023;3.05665;3.05665;2.94344;3.01796;3.05665;3.09635;2.90754;2.90754;3.01796;3.09635;3.05665;3.01796;2.90754;3.05665;3.01796;2.87251;3.05665;3.09635;3.05665;3.13709;3.05665;2.98023;3.09635;2.98023;3.09635;2.98023;3.01796;2.98023
Add;384;1.79712;3.7645;4.64452;4.83281;4.89901;4.70563;4.96705;4.76837;4.96705;4.96705;5.03701;4.89901;4.76837;4.76837;4.83281;4.58497;5.03701;4.76837;4.76837;4.64452;4.76837;4.89901;4.58497;4.76837;4.83281;4.96705;4.70563;4.83281;4.96705;4.89901;4.89901;4.76837;4.70563;4.76837;4.83281;4.89901;4.76837;4.89901;4.83281;4.83281;4.83281;4.83281;4.89901;4.89901;4.83281;4.76837;4.96705;4.96705;4.83281;4.83281;4.89901;4.89901;4.64452;4.64452;4.64452;4.83281;4.89901;5.10897;4.96705;4.96705;4.83281;4.76837;4.89901;4.58497;4.96705;4.76837;4.76837;4.76837;4.76837;4.76837;4.83281;4.83281;4.96705;4.76837;4.83281;4.89901;4.58497;4.83281;4.89901;4.83281;4.83281;4.83281;5.03701;4.83281;4.96705;4.83281;4.76837;4.89901;5.03701;4.64452;4.76837;4.70563;4.76837;4.83281;4.76837;4.76837;4.83281;4.76837;4.83281;4.83281
Triad;384;1.82463;2.81597;4.58497;4.30877;4.25747;4.30877;4.64452;4.58497;4.58497;4.64452;4.52694;4.47035;4.52694;4.47035;4.47035;4.64452;4.36132;4.47035;4.36132;4.47035;4.47035;4.47035;4.58497;4.58497;4.47035;4.36132;4.70563;4.52694;4.41516;4.36132;4.64452;4.64452;4.15846;4.64452;4.52694;4.64452;4.52694;4.76837;4.11067;4.58497;4.36132;4.41516;4.41516;4.36132;4.64452;4.52694;4.52694;4.52694;4.47035;4.52694;4.52694;4.47035;4.64452;4.41516;4.64452;4.47035;4.52694;4.47035;4.64452;4.58497;4.47035;4.52694;4.41516;4.52694;3.43873;4.64452;4.58497;4.64452;4.64452;4.58497;4.58497;4.30877;4.58497;4.15846;4.64452;4.25747;4.58497;4.30877;4.64452;4.30877;4.47035;4.30877;4.64452;4.36132;4.41516;4.52694;4.58497;4.47035;4.64452;4.47035;4.52694;4.41516;4.30877;4.25747;4.41516;4.47035;4.41516;4.52694;4.58497;4.41516
Dot;256;1.0457;1.30999;1.12462;1.32455;1.33943;1.347;1.33943;1.33943;1.31723;1.31723;1.35465;1.33943;1.347;1.33943;1.37022;1.31723;1.36239;1.36239;1.347;1.33943;1.33943;1.33943;1.33943;1.35465;1.33195;1.347;1.33943;1.33943;1.33195;1.32455;1.347;1.35465;1.36239;1.33195;1.33943;1.32455;1.32455;1.31723;1.32455;1.33195;1.33943;1.36239;1.33943;1.347;1.33943;1.33943;1.31723;1.32455;1.33195;1.35465;1.33943;1.33943;1.33943;1.33195;1.33943;1.35465;1.30999;1.35465;1.32455;1.33195;1.33195;1.347;1.32455;1.33195;1.347;1.33943;1.35465;1.33943;1.33195;1.347;1.33943;1.32455;1.33195;1.347;1.33195;1.347;1.33943;1.347;1.347;1.32455;1.33943;1.347;1.33943;1.33943;1.35465;1.33943;1.33943;1.33195;1.347;1.33195;1.32455;1.35465;1.32455;1.33943;1.33195;1.32455;1.33195;1.33195;1.31723;1.32455
Nstream;512;2.12874;3.8147;5.48089;5.60985;5.35772;5.48089;5.35772;5.29819;5.48089;5.29819;5.29819;5.48089;5.4186;5.35772;5.48089;5.4186;5.4186;5.4186;5.48089;5.35772;5.4186;5.35772;5.48089;5.54462;5.35772;5.23997;5.48089;5.35772;5.48089;5.4186;5.35772;5.48089;5.18301;5.48089;5.18301;5.29819;5.35772;5.29819;5.48089;5.29819;5.4186;5.4186;5.48089;5.23997;5.4186;5.29819;5.4186;5.54462;5.35772;5.29819;5.54462;5.35772;5.4186;5.4186;5.35772;5.29819;5.29819;5.54462;5.18301;5.23997;5.35772;5.29819;5.29819;5.4186;5.4186;5.4186;5.60985;5.23997;5.54462;5.48089;5.54462;5.48089;5.60985;5.35772;5.48089;5.29819;5.60985;5.29819;5.48089;5.48089;5.48089;5.67663;5.48089;5.29819;5.48089;5.48089;5.48089;5.48089;5.54462;5.35772;5.29819;5.48089;5.48089;5.48089;5.29819;5.48089;5.48089;5.29819;5.48089;5.48089
Copy;360;1.33576;2.34459;2.68221;3.31957;3.38663;3.25511;4.19095;4.19095;4.19095;4.19095;4.19095;4.03947;4.19095;4.13921;3.94443;4.08873;4.19095;3.28702;4.08873;4.19095;4.19095;3.99138;4.08873;4.244;4.08873;4.19095;4.08873;4.13921;4.13921;4.08873;3.94443;4.13921;4.03947;3.49246;4.29841;4.19095;4.03947;4.08873;4.244;4.13921;3.99138;4.13921;4.08873;4.19095;4.19095;4.13921;4.244;4.19095;3.99138;4.244;3.94443;4.19095;4.03947;4.13921;4.19095;4.08873;3.99138;4.08873;4.13921;4.13921;3.99138;4.08873;3.99138;4.08873;4.19095;3.28702;4.08873;4.19095;4.13921;4.08873;4.13921;4.08873;4.19095;4.19095;4.244;4.19095;4.13921;3.99138;4.19095;4.03947;4.244;4.19095;3.99138;4.03947;4.13921;4.13921;4.244;4.19095;4.19095;4.13921;4.08873;4.19095;4.19095;4.13921;4.29841;4.19095;4.19095;3.99138;4.244;3.94443
Mul;360;1.87305;2.46527;4.19095;4.13921;3.35276;4.19095;4.13921;4.19095;4.19095;4.19095;4.19095;4.19095;4.244;4.03947;4.19095;4.19095;4.19095;4.29841;4.244;4.19095;4.19095;4.13921;4.13921;4.19095;4.19095;4.29841;4.19095;4.244;4.29841;4.244;4.19095;4.08873;4.19095;4.03947;4.13921;4.244;4.29841;4.35424;4.13921;4.29841;4.244;4.35424;4.19095;4.29841;4.244;4.29841;4.19095;4.29841;4.29841;4.244;4.35424;4.29841;4.29841;4.19095;4.13921;4.19095;4.35424;4.244;4.35424;4.08873;4.19095;4.19095;4.35424;4.244;4.244;4.03947;4.29841;4.19095;4.244;4.13921;4.244;4.19095;4.244;4.29841;4.35424;4.19095;4.08873;4.35424;4.08873;4.29841;4.244;4.244;4.19095;4.29841;4.19095;4.19095;4.244;4.244;4.244;4.244;4.08873;4.35424;4.08873;4.19095;4.03947;4.19095;4.08873;4.29841;4.08873;4.29841
Add;540;2.07816;2.89031;4.78966;4.93053;5.02914;5.98707;6.28643;6.20882;6.05921;5.98707;5.84784;5.91664;6.05921;6.05921;5.98707;6.1331;5.98707;6.366;6.05921;5.78062;6.05921;5.98707;6.1331;6.05921;5.98707;6.05921;5.98707;5.91664;6.05921;6.05921;6.05921;5.98707;4.65661;5.98707;5.98707;6.05921;5.91664;6.20882;6.05921;6.20882;5.91664;6.1331;6.05921;6.05921;5.78062;6.20882;6.28643;6.05921;6.1331;6.1331;6.20882;6.05921;6.1331;5.84784;6.20882;6.05921;6.05921;5.91664;6.28643;5.84784;6.1331;6.1331;6.28643;5.98707;6.1331;6.05921;6.05921;6.05921;6.05921;5.84784;6.05921;6.05921;5.98707;6.1331;6.05921;6.05921;6.05921;6.05921;6.05921;6.1331;6.05921;5.98707;5.91664;5.98707;5.98707;5.98707;6.05921;5.98707;5.91664;5.78062;5.78062;5.84784;6.20882;6.05921;6.1331;5.98707;6.28643;5.98707;6.1331;5.98707
Triad;540;2.13099;2.67508;5.78062;5.78062;4.08873;5.91664;5.78062;5.84784;5.84784;5.98707;5.91664;5.84784;5.91664;5.78062;5.91664;5.91664;5.65072;5.78062;5.58794;5.84784;6.05921;5.71493;5.84784;5.84784;5.91664;5.71493;5.91664;5.98707;5.91664;5.84784;5.78062;5.98707;5.58794;5.78062;5.71493;5.65072;5.78062;5.65072;5.65072;5.65072;5.98707;5.65072;5.84784;5.71493;5.84784;5.65072;5.78062;5.98707;5.52653;5.91664;5.84784;5.78062;5.78062;5.91664;5.71493;5.91664;5.78062;5.91664;5.65072;5.84784;5.58794;5.78062;5.71493;5.84784;5.78062;5.84784;5.98707;5.78062;5.71493;5.78062;5.71493;5.78062;5.84784;5.84784;5.91664;5.78062;5.78062;5.84784;5.78062;5.98707;5.78062;5.84784;5.78062;5.78062;5.78062;5.84784;5.78062;5.58794;5.65072;5.78062;5.71493;5.78062;6.05921;5.78062;5.71493;5.78062;5.71493;5.98707;5.78062;5.91664
Dot;360;1.36847;1.36847;1.47699;1.48352;1.49677;1.46409;1.50348;1.50348;1.50348;1.44516;1.51025;1.50348;1.49012;1.48352;1.49012;1.47699;1.48352;1.47699;1.49677;1.50348;1.48352;1.49677;1.51025;1.49012;1.50348;1.49012;1.51025;1.49677;1.49012;1.48352;1.49677;1.49012;1.45772;1.49012;1.49677;1.49677;1.49677;1.49677;1.49677;1.49012;1.51025;1.48352;1.49677;1.49012;1.49012;1.51709;1.49012;1.49677;1.50348;1.49677;1.49677;1.50348;1.49677;1.49012;1.49012;1.51025;1.50348;1.50348;1.49677;1.50348;1.49012;1.49012;1.49012;1.47699;1.49677;1.47699;1.49677;1.49677;1.51025;1.47699;1.51025;1.49677;1.49677;1.48352;1.51709;1.47699;1.51025;1.52398;1.51025;1.47699;1.51709;1.47699;1.45772;1.46409;1.51025;1.49012;1.51025;1.50348;1.50348;1.47051;1.47699;1.47051;1.48352;1.47051;1.47699;1.48352;1.49677;1.48352;1.49012;1.47699
Nstream;720;2.67152;4.29841;6.57404;6.63913;6.57404;6.98492;6.77326;6.84237;6.63913;6.77326;6.70552;6.70552;6.63913;6.70552;6.77326;6.57404;7.28861;6.77326;6.57404;6.70552;6.70552;6.57404;6.51022;6.63913;6.70552;6.77326;6.77326;6.57404;6.63913;6.77326;6.70552;6.84237;6.91291;6.70552;6.77326;6.63913;6.77326;6.77326;6.77326;6.63913;6.57404;6.77326;6.70552;6.77326;6.63913;6.70552;6.63913;6.77326;6.57404;6.77326;6.77326;6.70552;6.70552;6.57404;6.63913;6.91291;6.77326;6.70552;6.57404;6.70552;6.70552;6.63913;6.70552;6.57404;6.77326;6.51022;6.57404;6.51022;6.63913;6.57404;6.44762;6.70552;6.51022;6.63913;6.57404;6.77326;6.63913;6.57404;6.44762;6.57404;6.57404;6.77326;6.63913;6.51022;6.44762;6.51022;6.63913;6.44762;6.44762;6.63913;6.63913;6.63913;6.84237;6.84237;6.57404;6.77326;6.84237;6.70552;6.84237;6.84237
Copy;504;1.58577;3.75509;3.81615;4.74128;4.74128;5.7949;5.72423;5.58794;5.65526;5.21541;5.58794;5.39525;5.45798;5.72423;5.65526;5.65526;5.58794;5.58794;5.21541;5.27401;5.5222;5.72423;5.5222;5.5222;5.65526;5.39525;5.65526;5.39525;5.65526;5.45798;5.5222;5.5222;5.72423;5.39525;5.21541;5.45798;5.65526;5.45798;5.45798;5.65526;5.58794;5.5222;5.65526;5.72423;5.65526;5.58794;5.65526;5.45798;5.65526;5.58794;5.65526;5.65526;5.65526;5.65526;5.58794;5.65526;5.58794;5.65526;5.65526;5.58794;5.45798;5.65526;5.58794;5.58794;5.58794;5.39525;5.39525;5.39525;5.45798;5.72423;5.65526;5.5222;5.58794;5.65526;5.5222;5.5222;5.65526;5.45798;5.45798;5.45798;5.65526;5.45798;5.72423;5.33394;5.58794;5.33394;5.58794;5.39525;5.45798;5.45798;5.65526;5.5222;5.58794;5.65526;5.72423;5.65526;5.5222;5.5222;5.45798;5.65526
Mul;504;2.15315;3.15025;3.75509;3.15025;4.47035;4.55715;5.5222;5.65526;5.58794;5.5222;5.33394;5.45798;5.58794;5.45798;5.58794;5.39525;5.39525;5.39525;5.58794;5.5222;5.65526;5.45798;5.58794;5.65526;5.45798;5.58794;5.5222;5.65526;5.39525;5.58794;5.58794;5.45798;5.5222;5.5222;5.45798;5.65526;5.58794;5.58794;5.33394;5.65526;5.58794;5.58794;5.65526;5.39525;5.39525;5.39525;5.39525;5.58794;5.5222;5.5222;5.58794;5.5222;5.5222;5.5222;5.58794;5.5222;5.5222;5.65526;5.5222;5.58794;5.45798;5.58794;5.39525;5.39525;5.65526;5.45798;5.58794;5.58794;5.58794;5.45798;5.39525;5.65526;5.65526;5.45798;5.58794;5.65526;5.45798;5.65526;5.45798;5.39525;5.39525;5.58794;5.5222;5.58794;5.5222;5.58794;5.33394;5.58794;5.65526;5.45798;5.58794;5.39525;5.45798;5.45798;5.65526;5.72423;5.65526;5.58794;5.58794;5.5222
Add;756;2.44472;4.99347;6.40073;8.00091;7.82311;7.82311;7.82311;8.00091;7.73714;7.65304;7.91101;8.00091;7.91101;7.91101;7.91101;7.73714;8.09287;7.73714;7.65304;7.73714;7.73714;7.82311;7.65304;7.73714;7.65304;8.00091;7.73714;8.09287;7.91101;8.00091;7.73714;8.00091;7.73714;7.41137;8.00091;7.82311;7.73714;7.82311;7.73714;7.57075;7.82311;7.82311;7.57075;7.73714;7.91101;7.73714;7.82311;7.82311;7.73714;7.73714;7.65304;7.91101;7.57075;7.73714;7.73714;7.82311;7.82311;7.73714;7.82311;7.65304;7.82311;7.57075;7.73714;7.73714;8.00091;8.00091;7.91101;8.00091;7.73714;7.82311;7.91101;7.82311;8.00091;8.00091;7.65304;7.65304;8.00091;8.09287;8.00091;8.00091;7.91101;7.91101;7.91101;7.73714;7.65304;8.09287;8.00091;8.09287;8.00091;8.00091;7.73714;7.91101;8.00091;8.00091;8.00091;7.65304;7.73714;7.91101;7.73714;8.00091
Triad;756;2.12713;4.24144;7.25856;7.49021;7.65304;7.49021;7.65304;7.25856;7.49021;7.49021;7.49021;7.18449;7.41137;7.49021;7.49021;7.57075;7.49021;7.25856;7.49021;7.65304;7.65304;7.49021;7.49021;7.49021;7.49021;7.41137;7.49021;7.41137;7.25856;7.41137;7.41137;7.33417;7.11192;7.18449;7.18449;7.41137;7.49021;7.18449;7.33417;7.11192;7.18449;7.18449;7.33417;7.33417;7.49021;7.33417;7.33417;7.33417;7.33417;7.41137;7.33417;7.33417;7.33417;7.41137;7.33417;7.33417;7.41137;7.49021;7.33417;7.33417;7.18449;7.41137;7.33417;7.33417;7.18449;7.25856;7.18449;7.33417;7.41137;7.41137;7.25856;7.41137;7.57075;7.33417;7.25856;7.25856;7.11192;7.25856;7.18449;7.33417;7.41137;7.33417;7.33417;7.33417;7.33417;7.25856;7.49021;7.25856;7.18449;7.33417;7.33417;7.33417;7.65304;7.49021;7.49021;7.65304;7.49021;7.82311;7.65304;7.49021
Dot;504;1.44427;1.60749;1.59114;1.61301;1.61301;1.62981;1.62418;1.62418;1.61857;1.60749;1.60749;1.61301;1.60749;1.61301;1.62418;1.60749;1.61301;1.62418;1.62418;1.62418;1.60749;1.60749;1.60749;1.61301;1.60749;1.62418;1.60749;1.62981;1.61857;1.60749;1.60749;1.60749;1.61857;1.59655;1.61301;1.62418;1.60749;1.60749;1.59655;1.61301;1.61301;1.60749;1.61301;1.60749;1.61301;1.60749;1.60749;1.60749;1.61301;1.60749;1.60749;1.62418;1.61301;1.61857;1.60749;1.61301;1.61857;1.60749;1.61301;1.60749;1.60749;1.61857;1.59655;1.61857;1.61301;1.62418;1.62981;1.62418;1.61857;1.60749;1.61857;1.61857;1.61857;1.61301;1.61301;1.60749;1.62981;1.60749;1.62981;1.62981;1.62981;1.61301;1.62981;1.61301;1.62418;1.60749;1.62418;1.60749;1.61857;1.61301;1.60749;1.59114;1.61857;1.59114;1.60749;1.60749;1.60749;1.61301;1.60749;1.60749
Nstream;1008;3.42618;5.42643;8.16324;7.39191;8.23485;8.6126;8.16324;8.23485;8.23485;8.5343;8.23485;8.30773;8.45742;7.9557;8.5343;8.77358;8.69234;8.69234;8.77358;8.69234;7.88885;8.0237;8.09287;8.09287;8.09287;7.9557;8.0237;8.23485;8.23485;8.09287;7.9557;8.0237;8.5343;8.3819;8.5343;8.30773;8.45742;8.69234;8.45742;8.45742;8.85635;8.5343;8.6126;8.5343;8.5343;8.5343;8.6126;8.6126;8.3819;8.6126;8.6126;8.5343;8.77358;8.85635;8.69234;8.77358;8.69234;8.5343;8.5343;8.77358;8.3819;8.6126;8.6126;8.3819;8.0237;8.30773;8.3819;8.30773;8.23485;8.09287;8.09287;8.23485;8.30773;8.16324;8.23485;8.23485;8.45742;8.3819;8.45742;8.23485;8.5343;8.45742;8.3819;8.30773;8.3819;8.16324;8.5343;8.23485;8.3819;8.23485;8.23485;8.23485;8.23485;8.23485;8.09287;8.30773;8.23485;8.23485;8.09287;8.16324
Copy;712;2.13904;3.546;6.25568;6.501;7.62186;7.62186;7.45058;7.62186;7.62186;7.3678;7.89407;7.89407;7.89407;7.98918;7.71048;7.98918;7.89407;7.53525;7.8012;7.98918;7.62186;8.28877;7.98918;7.89407;7.62186;7.98918;8.08661;7.98918;7.89407;8.28877;7.89407;7.89407;7.71048;7.45058;7.98918;7.62186;7.8012;8.28877;7.8012;7.8012;8.18644;7.98918;8.08661;8.18644;7.89407;7.71048;7.71048;7.98918;8.18644;8.18644;7.45058;7.98918;7.8012;7.98918;8.28877;7.98918;8.08661;7.89407;7.98918;7.8012;8.08661;8.08661;7.98918;7.8012;7.62186;7.71048;7.3678;7.62186;7.62186;7.3678;7.62186;7.62186;7.62186;7.62186;7.62186;7.62186;7.62186;7.89407;7.8012;7.71048;7.62186;7.8012;7.71048;7.3678;7.8012;7.62186;7.62186;7.28683;7.8012;7.53525;7.20763;7.45058;7.71048;7.62186;7.45058;7.53525;7.8012;7.71048;7.62186;7.3678
Mul;712;2.6738;5.30481;6.43788;5.52585;7.71048;7.62186;7.8012;7.8012;7.62186;7.71048;7.8012;7.71048;7.8012;7.71048;7.71048;7.8012;7.62186;7.8012;7.62186;7.71048;7.8012;7.71048;7.89407;7.71048;7.71048;7.45058;7.45058;7.62186;7.8012;7.62186;7.89407;7.71048;7.62186;7.62186;7.62186;7.71048;7.89407;7.3678;7.8012;7.71048;7.62186;7.71048;7.71048;7.71048;7.62186;7.8012;7.71048;7.62186;7.53525;7.62186;7.71048;7.53525;7.8012;7.71048;7.62186;7.89407;7.3678;7.8012;7.71048;7.71048;7.71048;7.3678;7.89407;7.62186;7.62186;7.8012;7.62186;7.8012;7.53525;7.98918;7.89407;7.62186;7.71048;7.8012;7.71048;7.53525;7.8012;7.89407;7.53525;7.71048;7.71048;7.89407;7.45058;7.53525;7.8012;7.8012;7.71048;7.71048;7.62186;7.8012;7.71048;7.89407;7.71048;7.89407;7.8012;7.71048;7.71048;7.53525;7.89407;7.71048
Add;1068;3.53969;5.78286;10.047;8.35842;10.8114;10.47;9.84804;10.5814;10.9302;10.8114;10.47;10.47;11.0517;10.2541;10.8114;9.84804;11.0517;10.6952;10.8114;10.9302;10.8114;10.047;10.47;10.361;10.47;10.047;10.047;10.047;10.47;10.8114;10.2541;10.361;10.9302;10.6952;9.7515;9.84804;9.94653;10.1495;10.1495;10.2541;10.8114;9.7515;9.84804;9.94653;10.6952;10.2541;10.1495;10.47;9.94653;10.047;10.8114;10.047;9.7515;10.047;10.8114;10.5814;9.94653;10.8114;10.047;9.94653;10.2541;10.2541;10.47;10.2541;10.5814;10.047;9.84804;9.7515;10.6952;10.5814;10.5814;10.5814;10.47;10.5814;10.6952;10.6952;10.8114;10.9302;10.9302;10.5814;10.8114;10.1495;9.84804;10.9302;10.8114;11.0517;10.5814;10.8114;10.1495;9.94653;10.9302;10.6952;10.6952;10.6952;10.8114;10.6952;10.6952;11.0517;10.8114;10.5814
Triad;1068;3.82559;9.38351;9.7515;9.7515;9.47288;10.2541;10.361;10.47;9.84804;10.47;10.47;10.2541;10.047;10.2541;10.361;10.361;10.1495;10.361;10.361;10.47;10.361;10.1495;10.047;10.047;10.2541;9.94653;9.94653;9.84804;10.47;10.1495;10.361;10.1495;10.1495;9.84804;10.361;10.361;10.5814;9.94653;10.361;9.94653;10.047;10.2541;10.2541;10.047;9.7515;10.047;9.84804;9.84804;10.47;10.1495;10.1495;10.1495;10.47;10.2541;10.361;10.361;10.1495;10.2541;10.2541;10.2541;10.2541;10.2541;10.1495;10.1495;10.2541;10.047;9.7515;10.1495;10.47;10.1495;10.2541;10.1495;10.361;10.1495;10.47;10.2541;10.1495;10.1495;10.47;10.47;10.361;10.1495;10.2541;9.84804;10.5814;10.2541;10.1495;9.94653;10.361;10.5814;10.2541;10.1495;10.361;9.94653;10.1495;10.047;10.1495;9.84804;10.361;10.47
Dot;712;1.56762;1.70026;1.71788;1.71344;1.64134;1.73134;1.73134;1.73134;1.71344;1.73587;1.72683;1.71344;1.72683;1.71788;1.72234;1.71344;1.71788;1.72234;1.72234;1.72683;1.70026;1.72683;1.72683;1.72683;1.70463;1.71344;1.72683;1.72683;1.72683;1.72234;1.72234;1.72234;1.70463;1.72234;1.71788;1.71788;1.71788;1.72683;1.71788;1.71788;1.72234;1.70463;1.71344;1.72234;1.71788;1.71788;1.71788;1.73587;1.71788;1.72234;1.72234;1.73134;1.71788;1.71788;1.72234;1.73587;1.72234;1.72683;1.72683;1.70902;1.71344;1.72683;1.71788;1.71344;1.70463;1.71344;1.72234;1.71344;1.70902;1.71344;1.70463;1.71788;1.70902;1.71788;1.71344;1.72234;1.71788;1.74042;1.72683;1.72683;1.71788;1.72683;1.71344;1.73134;1.70463;1.72234;1.73587;1.70463;1.71788;1.71788;1.71344;1.71344;1.72234;1.72683;1.72234;1.71788;1.73134;1.72683;1.73134;1.72234
Nstream;1424;4.96705;6.698;7.98918;10.5254;9.47288;11.7363;11.3351;11.9478;11.3351;11.8411;11.8411;11.0517;11.6334;11.1446;10.9604;10.9604;11.4328;11.6334;11.1446;11.6334;11.3351;11.6334;11.0517;11.6334;11.0517;11.4328;10.9604;11.0517;10.8705;11.7363;10.9604;11.239;11.3351;10.8705;11.7363;11.0517;11.1446;11.8411;11.1446;11.6334;10.9604;11.0517;10.9604;11.6334;11.1446;11.239;11.6334;10.8705;11.3351;11.7363;10.9604;11.6334;11.0517;11.239;11.239;11.7363;11.0517;10.8705;11.5322;11.0517;10.9604;11.6334;11.1446;11.3351;10.6952;10.6952;10.7821;11.239;11.1446;10.8705;11.0517;11.3351;11.1446;11.239;10.9604;11.0517;11.3351;11.3351;11.0517;10.8705;11.3351;10.9604;11.239;10.9604;11.239;11.239;11.0517;11.239;11.239;11.0517;10.9604;11.0517;11.4328;11.1446;11.239;11.239;10.8705;10.8705;11.0517;10.9604
Copy;1000;3.03362;5.71364;9.60126;9.70128;9.60126;9.13061;8.86974;9.8034;9.8034;10.1231;9.90769;9.90769;9.8034;10.0142;9.90769;9.90769;9.8034;10.1231;9.90769;9.70128;9.8034;9.8034;9.90769;9.90769;9.8034;9.90769;9.90769;9.90769;9.70128;9.70128;9.8034;9.60126;10.0142;9.60126;9.60126;9.90769;9.8034;10.1231;10.0142;9.70128;10.1231;9.8034;9.8034;10.1231;10.1231;10.0142;9.70128;9.8034;10.0142;9.60126;9.90769;10.0142;10.0142;9.60126;9.90769;9.90769;9.90769;9.8034;9.90769;9.90769;10.1231;9.70128;10.1231;9.90769;10.1231;9.60126;9.31323;9.60126;9.90769;9.60126;9.90769;9.8034;9.70128;9.8034;10.0142;9.8034;10.0142;9.8034;9.70128;9.90769;9.8034;10.0142;9.90769;10.1231;9.60126;10.1231;9.8034;9.90769;9.8034;9.8034;9.90769;10.1231;9.60126;10.1231;10.0142;10.1231;10.1231;9.90769;9.8034;9.50329
Mul;1000;4.68001;7.63379;9.70128;9.70128;7.27596;9.90769;9.90769;9.90769;9.50329;9.50329;9.60126;9.60126;9.90769;9.70128;9.8034;9.70128;9.8034;9.4073;9.70128;9.70128;9.50329;9.70128;9.8034;9.60126;9.60126;10.0142;9.4073;9.60126;9.70128;9.70128;10.0142;9.8034;9.90769;9.60126;9.70128;9.90769;9.50329;9.60126;9.90769;9.70128;9.31323;9.90769;9.60126;9.70128;9.60126;9.90769;9.31323;9.60126;9.8034;10.1231;9.60126;9.60126;9.60126;9.70128;9.50329;9.70128;9.90769;9.8034;9.60126;10.0142;9.90769;9.70128;9.90769;10.0142;9.8034;9.70128;9.8034;9.90769;10.1231;9.8034;9.60126;9.90769;9.8034;9.70128;9.70128;9.70128;9.8034;9.8034;9.90769;9.70128;9.90769;9.8034;10.0142;9.8034;9.70128;10.0142;9.90769;9.60126;9.90769;9.70128;9.4073;9.70128;9.70128;9.8034;9.70128;9.60126;9.60126;9.8034;9.8034;9.50329
Add;1500;4.86754;8.78606;12.6999;12.935;11.0872;12.935;12.6999;12.6999;12.3627;12.6999;13.1791;12.8164;12.8164;12.8164;12.8164;12.6999;12.5854;12.6999;12.8164;12.6999;12.8164;12.5854;12.4731;12.6999;12.6999;12.6999;12.6999;12.3627;12.6999;13.0559;12.3627;12.6999;12.5854;12.3627;12.8164;13.0559;12.8164;12.6999;12.3627;12.6999;12.6999;12.5854;13.0559;12.4731;12.3627;12.4731;12.5854;12.8164;12.4731;12.5854;12.5854;13.0559;12.6999;12.3627;12.6999;12.935;12.6999;12.1477;12.6999;13.0559;12.4731;12.6999;12.4731;12.3627;12.5854;13.0559;12.6999;12.6999;12.6999;12.5854;12.5854;12.5854;12.8164;12.5854;11.94;12.8164;12.6999;12.5854;12.6999;12.6999;12.5854;12.6999;12.6999;12.3627;12.5854;12.4731;12.5854;12.6999;13.0559;12.6999;12.6999;12.5854;12.3627;12.6999;12.5854;12.6999;12.6999;12.6999;12.6999;12.5854
Triad;1500;4.88456;6.78148;9.97846;10.8293;12.3627;12.2542;12.3627;12.3627;12.1477;12.6999;12.043;12.2542;12.3627;12.2542;11.8388;12.3627;12.2542;12.3627;11.94;12.2542;12.2542;12.6999;12.2542;12.3627;12.4731;12.2542;12.043;12.6999;12.2542;12.2542;12.1477;12.4731;12.2542;12.2542;12.3627;12.3627;12.4731;12.043;12.3627;12.5854;12.2542;12.2542;12.2542;12.4731;12.4731;12.2542;12.3627;12.5854;12.1477;12.2542;12.4731;12.2542;12.3627;12.2542;12.1477;12.5854;12.3627;12.5854;12.3627;12.4731;12.6999;12.2542;12.4731;12.5854;12.1477;11.6415;11.94;11.94;11.94;11.94;11.94;11.94;11.6415;12.2542;12.2542;12.2542;12.5854;12.2542;12.1477;12.5854;12.4731;12.5854;12.3627;12.4731;12.1477;12.3627;12.1477;12.6999;12.4731;12.2542;12.4731;12.6999;12.1477;12.2542;12.3627;12.1477;12.2542;12.3627;12.3627;12.1477
Dot;1000;1.68718;1.79446;1.791;1.79792;1.77395;1.79446;1.791;1.791;1.79446;1.79792;1.80489;1.79446;1.81191;1.80839;1.80839;1.80489;1.80839;1.79446;1.79792;1.79792;1.80489;1.80489;1.80839;1.79446;1.80489;1.80489;1.80489;1.80489;1.8014;1.80489;1.80839;1.80489;1.79792;1.80839;1.80839;1.81544;1.80489;1.80489;1.80489;1.80489;1.79792;1.79792;1.79792;1.79792;1.8014;1.80489;1.8014;1.79792;1.791;1.80489;1.79446;1.79792;1.791;1.81544;1.80489;1.8014;1.80839;1.80839;1.79446;1.80489;1.791;1.8014;1.79446;1.81544;1.8014;1.79792;1.8014;1.78757;1.79446;1.79792;1.79792;1.8014;1.80489;1.80489;1.80489;1.81191;1.8014;1.80839;1.79792;1.79792;1.80489;1.8014;1.80489;1.79446;1.80489;1.80489;1.79792;1.79446;1.79792;1.79792;1.79792;1.79446;1.8014;1.79792;1.80839;1.80839;1.80489;1.80839;1.80489;1.81191
Nstream;2000;6.14734;9.70128;14.1109;12.0171;12.6711;12.8458;12.501;12.6711;13.3046;12.7578;13.7974;14.0049;13.6959;13.6959;13.7974;13.9003;12.8458;12.935;13.6959;12.8458;12.6711;12.5854;12.935;12.935;12.5854;12.7578;13.0255;12.7578;12.5854;12.6711;13.0255;12.935;13.1172;12.8458;13.4003;13.9003;13.7974;14.0049;13.9003;13.5959;14.2187;13.9003;13.7974;13.9003;13.7974;13.9003;13.6959;13.6959;13.6959;13.6959;13.9003;13.9003;13.9003;13.6959;13.5959;13.9003;13.6959;13.5959;13.6959;13.9003;13.4974;13.6959;13.5959;14.1109;12.7578;12.7578;13.5959;13.6959;14.0049;13.9003;13.6959;13.9003;13.6959;14.0049;13.6959;12.5854;12.8458;12.7578;12.6711;12.7578;12.5854;13.6959;12.501;12.6711;12.5854;12.5854;14.1109;13.4003;12.4176;13.0255;12.6711;12.5854;12.6711;12.935;13.4974;13.6959;12.6711;12.6711;12.8458;12.4176
Copy;1408;5.46376;10.8372;12.8559;12.6087;13.113;13.2455;12.6087;12.8559;12.9832;13.2455;12.8559;13.5186;13.113;12.8559;12.8559;13.113;13.113;12.7311;12.9832;13.3806;12.8559;12.8559;13.113;12.9832;13.2455;13.113;12.9832;12.8559;13.113;13.113;12.9832;13.113;13.2455;12.6087;13.113;12.9832;12.9832;12.8559;13.2455;13.2455;12.9832;13.2455;13.113;12.9832;12.8559;12.8559;12.9832;12.9832;13.113;12.8559;13.2455;13.3806;12.9832;12.8559;13.2455;13.2455;12.7311;13.113;12.9832;13.2455;12.7311;12.8559;13.2455;13.2455;12.7311;13.2455;12.9832;12.8559;13.2455;12.9832;12.9832;13.2455;13.113;12.9832;13.2455;12.9832;13.2455;13.3806;12.8559;12.8559;12.9832;13.113;12.7311;13.2455;12.8559;12.8559;13.113;13.3806;13.2455;13.2455;12.8559;13.2455;13.2455;12.7311;13.2455;13.2455;13.113;13.2455;13.2455;12.9832
Mul;1408;4.89292;9.10627;12.4886;11.1127;12.6087;13.113;12.8559;13.113;12.9832;12.9832;12.8559;12.7311;12.8559;12.7311;12.6087;12.8559;12.8559;11.0193;12.7311;12.9832;12.8559;12.7311;12.8559;13.113;12.8559;12.9832;13.113;12.8559;12.7311;12.6087;12.7311;12.8559;12.6087;12.9832;12.4886;12.7311;13.113;12.9832;12.8559;12.9832;12.8559;12.8559;12.8559;12.8559;12.8559;12.8559;12.7311;12.8559;12.7311;13.113;12.6087;12.8559;12.8559;13.113;12.7311;12.6087;12.9832;12.8559;12.4886;12.8559;13.113;12.8559;12.7311;12.9832;12.3708;12.7311;12.6087;12.8559;12.8559;12.6087;12.6087;12.4886;12.7311;12.7311;12.9832;12.4886;12.9832;13.113;12.8559;12.6087;12.9832;12.3708;12.8559;12.8559;12.8559;12.8559;12.7311;12.8559;12.8559;12.7311;13.113;12.9832;12.8559;13.113;12.4886;12.6087;12.8559;12.8559;12.8559;12.8559
Add;2112;7.02483;11.9936;14.0497;16.3913;16.3913;16.6691;16.3913;16.3913;16.1226;16.529;16.529;15.9915;16.2558;16.529;16.2558;16.2558;13.95;16.6691;16.529;16.529;16.8116;16.1226;16.1226;16.3913;16.3913;16.6691;16.3913;16.1226;16.1226;16.529;15.8625;16.2558;16.2558;16.3913;16.3913;16.529;16.2558;16.2558;16.8116;16.2558;16.3913;16.2558;16.529;16.3913;16.529;16.529;16.2558;16.2558;16.1226;16.529;15.9915;16.2558;16.1226;16.2558;16.3913;16.3913;15.9915;16.3913;16.529;16.3913;16.2558;16.2558;16.2558;16.1226;16.2558;15.9915;16.1226;16.8116;16.1226;16.8116;16.8116;16.8116;16.3913;16.529;16.6691;16.6691;15.9915;16.3913;16.3913;16.3913;16.6691;16.529;16.529;16.1226;16.2558;16.529;16.3913;16.3913;16.3913;16.3913;16.2558;16.3913;16.2558;16.3913;16.3913;16.529;16.8116;16.3913;16.6691;16.529
Triad;2112;6.30434;10.8671;14.2533;15.3668;14.6788;15.1304;15.3668;15.6107;15.6107;15.3668;15.0149;15.6107;15.1304;15.2477;15.6107;15.1304;14.6788;15.6107;15.3668;15.2477;15.6107;15.6107;15.6107;15.7356;15.4878;15.3668;15.0149;15.0149;15.7356;15.4878;15.0149;15.2477;14.4629;15.2477;15.4878;15.6107;15.6107;15.4878;15.3668;15.4878;15.2477;15.2477;15.1304;15.7356;15.1304;15.0149;15.1304;15.3668;15.1304;15.2477;15.3668;15.6107;15.0149;15.3668;15.2477;15.2477;15.6107;15.2477;15.2477;15.1304;15.6107;15.2477;15.2477;15.3668;15.9915;15.0149;15.0149;15.6107;15.2477;15.6107;15.3668;15.1304;15.7356;15.4878;15.1304;15.2477;15.4878;15.2477;15.2477;14.9012;15.1304;15.4878;15.4878;15.2477;15.2477;15.2477;15.3668;15.4878;15.6107;15.3668;15.2477;15.2477;15.3668;15.2477;15.0149;15.2477;15.1304;15.1304;15.0149;15.4878
Dot;1408;1.76725;1.81119;1.86529;1.86265;1.87062;1.85737;1.87062;1.86265;1.87062;1.87062;1.86265;1.86795;1.86;1.86529;1.85474;1.86795;1.86265;1.85737;1.86795;1.87329;1.86265;1.86529;1.87062;1.87329;1.86265;1.86795;1.86529;1.86529;1.86;1.86;1.86529;1.86265;1.85474;1.86;1.85737;1.86529;1.86529;1.86265;1.87062;1.86529;1.86;1.86795;1.87062;1.86795;1.86;1.86265;1.86529;1.85737;1.85474;1.86795;1.86529;1.86795;1.86795;1.86795;1.87062;1.86529;1.86795;1.86795;1.87329;1.86529;1.86795;1.86529;1.86529;1.86795;1.86265;1.86529;1.86;1.87062;1.86265;1.86529;1.86265;1.86265;1.87062;1.87866;1.87062;1.86265;1.87062;1.86795;1.86529;1.86529;1.86265;1.86795;1.86;1.86;1.86795;1.86265;1.87062;1.86;1.87062;1.86529;1.87062;1.86529;1.87062;1.87866;1.87062;1.87062;1.87062;1.87062;1.85737;1.86
Nstream;2816;8.83032;12.8559;15.8946;15.9915;15.7988;16.1889;17.254;17.254;17.7203;17.254;17.3682;17.254;17.1412;17.0299;17.0299;17.0299;16.8116;17.484;17.3682;17.254;17.254;17.1412;16.92;17.254;17.1412;17.0299;17.0299;17.484;17.254;17.254;17.1412;17.3682;17.3682;16.92;17.254;17.254;16.92;17.0299;16.92;17.0299;17.1412;17.0299;16.8116;17.254;17.3682;16.8116;16.92;9.82249;16.7045;17.3682;17.3682;17.0299;17.254;17.0299;17.254;17.254;17.254;17.484;17.254;17.254;17.3682;17.0299;17.0299;16.92;15.6107;17.3682;17.1412;17.3682;17.6014;17.0299;17.3682;17.3682;16.92;17.3682;17.1412;17.254;17.0299;17.6014;17.254;17.6014;17.3682;17.0299;17.484;17.254;16.92;17.6014;17.1412;17.3682;16.92;17.484;17.254;17.484;17.484;17.254;17.1412;17.254;17.1412;17.484;17.3682;17.254
Copy;1984;6.13868;11.6946;10.6192;13.2931;15.6588;15.7927;15.3979;16.3517;15.3979;15.3979;16.0673;16.0673;16.0673;15.7927;16.2083;16.0673;15.7927;15.7927;15.9288;15.5273;15.6588;15.3979;16.0673;15.5273;15.5273;15.7927;15.3979;15.7927;15.6588;15.3979;15.5273;15.5273;16.0673;16.3517;15.6588;15.7927;16.0673;15.9288;15.7927;16.0673;15.7927;16.0673;15.6588;16.4977;15.9288;15.6588;16.0673;16.0673;16.0673;15.9288;16.0673;16.2083;15.9288;15.6588;16.4977;15.7927;15.9288;15.9288;16.0673;15.7927;16.3517;16.0673;15.9288;16.0673;16.0673;15.6588;16.0673;16.0673;16.0673;15.9288;16.0673;15.7927;15.9288;16.0673;16.0673;15.7927;16.0673;16.0673;15.6588;16.2083;15.9288;15.6588;16.0673;16.2083;15.7927;16.2083;15.7927;16.0673;16.3517;16.2083;15.7927;16.2083;16.0673;15.9288;16.2083;16.2083;15.5273;16.0673;15.6588;15.6588
Mul;1984;7.18967;10.3226;13.687;11.4767;14.3236;15.0223;15.7927;15.3979;15.7927;15.6588;15.6588;15.5273;15.6588;15.3979;15.5273;15.7927;14.4355;15.2706;15.2706;15.5273;15.7927;15.7927;15.7927;15.5273;16.0673;15.6588;15.3979;15.9288;15.3979;15.6588;15.6588;15.6588;14.6646;15.6588;15.3979;15.3979;15.6588;15.2706;15.3979;15.9288;15.7927;15.6588;15.7927;15.3979;15.6588;15.6588;15.1454;15.7927;15.6588;15.6588;16.0673;15.3979;15.3979;15.6588;15.6588;15.7927;15.6588;15.3979;15.3979;15.6588;15.7927;15.5273;15.6588;15.6588;15.7927;15.3979;15.3979;15.5273;15.7927;15.2706;15.7927;15.2706;15.9288;15.6588;15.5273;15.6588;15.5273;15.5273;16.0673;15.7927;15.6588;15.6588;15.6588;15.5273;15.5273;15.5273;15.3979;15.6588;15.7927;15.3979;15.9288;15.3979;15.3979;15.7927;16.0673;15.5273;15.7927;15.3979;15.6588;15.7927
Add;2976;8.22438;11.2211;17.3226;17.7668;17.6536;19.5184;19.1146;19.3819;18.8545;19.2473;19.1146;19.2473;18.9837;19.1146;19.3819;19.1146;19.1146;19.2473;18.9837;19.3819;18.8545;18.9837;19.2473;18.8545;19.3819;19.1146;19.2473;19.5184;19.2473;18.9837;19.2473;19.2473;19.1146;18.8545;19.3819;19.2473;19.2473;18.9837;19.3819;18.9837;19.1146;18.9837;18.9837;19.1146;18.8545;19.3819;19.1146;19.5184;18.9837;19.3819;19.1146;18.8545;18.9837;19.3819;18.7271;19.5184;18.8545;18.9837;18.8545;19.1146;18.8545;19.3819;19.2473;19.1146;19.2473;19.1146;19.5184;19.1146;18.7271;18.9837;18.9837;19.2473;18.7271;19.1146;18.9837;19.2473;19.2473;19.3819;18.9837;18.8545;19.1146;19.5184;18.9837;19.1146;18.9837;19.2473;19.2473;18.9837;18.8545;19.1146;18.9837;19.3819;19.2473;19.2473;19.1146;19.2473;19.1146;19.3819;18.8545;19.2473
Triad;2976;9.17754;10.955;17.215;17.3226;17.1087;18.6014;18.3551;18.7271;17.3226;18.6014;17.1087;18.8545;18.4774;18.6014;18.6014;18.3551;18.3551;18.8545;18.1151;18.7271;18.7271;18.4774;18.7271;18.2343;18.6014;18.7271;18.6014;18.3551;18.8545;18.6014;18.9837;18.6014;18.9837;17.6536;18.7271;18.2343;18.7271;18.8545;18.7271;18.4774;18.8545;18.4774;18.6014;18.4774;18.6014;18.7271;18.4774;18.6014;18.4774;18.7271;18.6014;18.7271;18.7271;18.6014;18.3551;18.3551;18.7271;18.4774;18.4774;18.4774;18.9837;18.6014;18.3551;18.7271;17.8814;17.8814;18.7271;18.4774;18.6014;18.3551;18.7271;18.7271;18.4774;18.7271;18.6014;18.6014;18.7271;18.4774;18.7271;18.7271;18.7271;18.6014;18.6014;18.3551;18.7271;18.4774;18.4774;18.3551;18.7271;18.7271;18.6014;18.3551;18.4774;18.4774;18.7271;18.7271;18.4774;18.6014;18.6014;18.7271
Dot;1984;1.84038;1.8797;1.91278;1.9108;1.91476;1.9108;1.91874;1.91476;1.91476;1.90686;1.90686;1.9108;1.91278;1.91278;1.91874;1.91476;1.9108;1.91874;1.91476;1.91476;1.91874;1.91874;1.91874;1.91278;1.91476;1.91675;1.91278;1.91278;1.91476;1.91874;1.91278;1.92073;1.91675;1.91675;1.91278;1.91675;1.90489;1.91675;1.91675;1.91476;1.9108;1.91278;1.91476;1.91874;1.91278;1.91278;1.91675;1.92073;1.91675;1.92073;1.91675;1.91476;1.91476;1.91874;1.90883;1.91476;1.90686;1.91675;1.91476;1.91675;1.91278;1.92073;1.91476;1.92073;1.92073;1.9108;1.91278;1.92073;1.9108;1.91278;1.9108;1.91278;1.90686;1.91874;1.91278;1.92473;1.91476;1.92073;1.91675;1.91874;1.91675;1.91675;1.91278;1.91476;1.90883;1.90883;1.91476;1.91278;1.91675;1.91476;1.91675;1.92073;1.92273;1.92073;1.91476;1.91675;1.91476;1.91874;1.90883;1.91278
Nstream;3968;12.0374;16.2083;15.7927;15.9978;17.0299;19.8682;18.7588;19.9756;18.0268;18.3855;19.8682;19.762;19.762;19.8682;19.762;19.5528;18.7588;19.8682;18.2044;19.8682;19.8682;19.8682;19.8682;19.8682;19.8682;19.9756;19.5528;19.8682;20.0842;19.762;20.0842;19.6569;18.6641;20.3049;19.0489;17.6818;18.2044;19.762;19.9756;20.0842;19.8682;19.9756;19.9756;20.0842;19.5528;19.9756;20.1939;19.6569;20.3049;20.3049;19.9756;20.1939;19.8682;20.4171;20.0842;20.0842;19.9756;20.1939;19.9756;19.8682;19.9756;20.0842;20.0842;20.1939;16.6463;18.4774;19.8682;20.4171;20.0842;19.762;19.9756;19.9756;20.1939;19.9756;20.1939;19.9756;19.762;20.3049;20.4171;20.1939;20.3049;20.0842;20.3049;19.4499;20.1939;19.8682;20.0842;20.1939;19.8682;20.3049;19.5528;19.9756;20.1939;19.9756;20.0842;19.9756;20.3049;19.3481;19.9756;20.0842
Copy;2800;7.02885;8.63478;13.0385;13.7974;15.9006;17.5014;17.861;18.1091;18.2357;18.3641;17.7395;18.3641;17.7395;17.861;17.861;18.1091;17.9842;17.9842;17.861;18.1091;17.861;18.3641;17.9842;17.7395;18.2357;18.4943;18.2357;18.2357;17.9842;18.2357;18.1091;18.1091;17.7395;17.0438;18.1091;17.9842;17.9842;17.9842;18.1091;17.861;17.861;18.1091;18.2357;18.2357;17.9842;17.7395;17.9842;17.9842;18.1091;18.1091;18.4943;17.7395;17.861;17.861;17.9842;18.2357;18.1091;18.1091;17.861;18.2357;18.1091;18.1091;17.9842;17.861;17.861;17.9842;18.4943;17.9842;17.9842;17.861;17.9842;18.1091;18.1091;18.3641;17.861;17.1559;17.6196;17.7395;18.2357;17.7395;17.861;17.7395;17.861;18.1091;17.9842;17.7395;17.7395;17.7395;17.5014;17.861;18.2357;17.9842;18.1091;18.2357;17.7395;18.1091;17.7395;17.9842;18.1091;17.861
Mul;2800;9.69406;12.0727;16.1969;13.2371;16.8239;14.0199;18.1091;18.2357;18.1091;16.9331;17.861;18.1091;18.1091;18.1091;17.861;18.2357;17.0438;17.2696;17.9842;18.1091;17.6196;17.3847;17.6196;17.861;17.9842;18.3641;18.2357;17.9842;17.861;17.9842;17.7395;18.1091;18.2357;17.9842;18.2357;17.861;17.9842;17.9842;17.9842;18.1091;18.2357;18.2357;18.2357;17.9842;18.1091;18.1091;18.2357;18.2357;17.861;18.2357;17.9842;17.9842;17.9842;17.7395;17.7395;18.3641;18.4943;18.1091;18.1091;17.861;17.861;18.1091;18.2357;17.861;17.5014;17.6196;17.9842;17.7395;17.861;17.9842;17.9842;17.6196;18.2357;18.1091;18.4943;17.6196;8.30479;17.7395;17.9842;18.1091;18.2357;17.9842;17.861;17.6196;18.3641;17.861;18.1091;17.9842;18.1091;17.9842;17.9842;17.861;18.3641;17.861;17.861;17.9842;18.2357;18.1091;18.4943;18.3641
Add;4200;10.6292;17.081;21.0299;21.0299;20.8061;20.8061;20.6961;21.2585;20.9174;20.9174;21.1435;20.6961;21.0299;20.6961;20.8061;21.0299;20.6961;21.0299;20.6961;20.9174;20.6961;21.0299;21.0299;21.0299;21.0299;21.0299;20.6961;20.9174;21.0299;21.6108;20.9174;20.8061;20.6961;20.8061;21.0299;20.8061;21.1435;21.0299;20.9174;20.8061;21.3746;21.2585;21.1435;21.0299;21.2585;21.3746;21.1435;20.9174;21.0299;21.1435;21.1435;21.0299;21.1435;20.9174;20.8061;20.9174;21.0299;21.0299;21.0299;21.0299;20.6961;21.0299;21.3746;21.3746;21.1435;21.3746;21.0299;21.0299;20.6961;21.3746;21.1435;21.3746;21.1435;21.0299;21.0299;20.6961;21.0299;20.9174;21.0299;21.0299;21.4921;21.0299;20.6961;21.1435;20.9174;21.3746;21.1435;21.1435;20.9174;20.8061;20.9174;21.0299;21.1435;21.1435;21.1435;21.1435;21.1435;21.0299;20.9174;21.1435
Triad;4200;9.24717;14.1211;19.7553;21.0299;20.3727;19.6561;20.6961;20.3727;20.5871;19.4605;20.6961;20.5871;20.8061;20.8061;20.9174;20.3727;20.3727;20.5871;20.5871;20.6961;20.4793;20.5871;20.9174;20.3727;20.4793;20.3727;20.8061;20.4793;20.4793;20.2671;20.3727;20.3727;19.7553;18.7156;19.9569;20.2671;20.5871;20.6961;20.5871;20.6961;20.4793;20.4793;20.6961;20.5871;20.1627;20.2671;20.5871;20.3727;20.5871;20.3727;20.8061;20.3727;20.5871;20.6961;20.5871;20.1627;20.4793;20.6961;20.6961;20.5871;20.8061;20.6961;20.5871;20.5871;19.5578;20.1627;20.6961;20.4793;20.5871;20.4793;20.0593;20.3727;20.5871;20.2671;20.3727;20.5871;20.4793;20.2671;20.3727;20.3727;20.5871;20.6961;20.5871;20.5871;20.6961;20.1627;20.5871;21.0299;20.6961;20.5871;20.2671;20.4793;20.1627;20.5871;20.6961;20.2671;20.5871;20.1627;20.4793;20.6961
Dot;2800;1.8547;1.95187;1.9548;1.90622;1.95041;1.9446;1.95041;1.94315;1.95187;1.95041;1.95187;1.95187;1.9548;1.95627;1.95627;1.95041;1.95041;1.95041;1.9475;1.9446;1.94896;1.95041;1.9548;1.9548;1.9548;1.95334;1.95774;1.94896;1.9475;1.95187;1.9446;1.94605;1.95187;1.95334;1.95187;1.95627;1.9548;1.95041;1.95187;1.95041;1.95187;1.94315;1.94896;1.94605;1.9475;1.95041;1.95627;1.95627;1.9548;1.95187;1.95627;1.9475;1.9475;1.9446;1.94605;1.94896;1.94896;1.95041;1.95334;1.95627;1.9548;1.95041;1.95041;1.94896;1.94896;1.9475;1.94896;1.95041;1.95041;1.9475;1.95627;1.95774;1.95627;1.94896;1.9475;1.9446;1.94605;1.9446;1.94605;1.95041;1.95041;1.95187;1.95334;1.9548;1.95627;1.95041;1.94896;1.94896;1.9446;1.95041;1.9475;1.94605;1.94896;1.95627;1.95627;1.95187;1.95041;1.95041;1.94896;1.95187
Nstream;5600;11.4624;17.5014;18.8282;18.8964;16.6096;20.4526;21.4626;21.5513;21.5513;21.8218;19.9061;18.8964;19.1041;18.7605;18.6265;18.7605;18.6932;20.5331;21.2008;20.8616;20.7785;20.7785;20.9454;20.8616;21.0299;20.2934;20.8616;20.6143;20.8616;20.4526;20.4526;20.6961;18.429;21.0299;20.1367;20.1367;20.1367;21.0299;21.4626;21.7309;20.2148;20.8616;18.8282;21.8218;18.8964;19.9061;20.2148;21.7309;19.7553;20.2934;20.2148;21.4626;20.1367;21.2008;18.7605;21.6407;18.8964;20.2934;20.2934;21.5513;20.3727;20.1367;20.1367;21.5513;18.6265;19.9061;20.2934;21.115;19.1041;22.0059;18.9651;19.9824;20.1367;21.5513;19.9824;19.9824;19.6808;20.2148;21.8218;21.7309;21.6407;21.0299;20.8616;20.1367;21.8218;20.1367;20.1367;20.0593;18.8282;20.2934;19.9061;20.1367;21.6407;20.8616;20.8616;20.1367;21.8218;20.0593;19.9061;20.2934
Copy;3952;10.4266;16.8063;18.6832;18.5888;20.0032;18.6832;20.3347;19.7881;20.6775;20.5619;20.5619;20.3347;20.4477;20.6775;20.4477;20.3347;20.6775;20.4477;20.6775;20.3347;20.5619;20.5619;21.0319;20.6775;20.6775;20.4477;20.4477;20.7943;21.0319;20.6775;20.7943;20.4477;20.5619;20.6775;20.7943;20.6775;20.6775;20.5619;20.4477;20.6775;20.7943;20.6775;20.7943;20.5619;20.7943;20.9124;20.6775;21.0319;20.5619;20.5619;20.6775;20.9124;20.4477;20.4477;20.5619;20.6775;20.4477;20.5619;20.6775;20.7943;20.6775;21.0319;20.3347;20.7943;20.3347;20.6775;20.5619;20.6775;20.7943;20.4477;20.7943;20.6775;20.6775;20.5619;20.7943;20.6775;20.4477;20.3347;20.9124;20.5619;20.5619;20.7943;20.4477;20.7943;20.5619;20.6775;20.6775;20.9124;21.0319;20.7943;20.7943;20.4477;20.3347;20.5619;20.6775;20.4477;20.5619;20.5619;20.6775;20.7943
Mul;3952;10.6684;16.9612;19.0704;16.214;19.5776;19.1697;19.1697;19.474;20.7943;19.474;19.5776;19.1697;20.6775;20.4477;20.4477;20.6775;19.3715;20.5619;20.7943;20.6775;20.4477;20.5619;20.5619;20.7943;21.0319;20.7943;20.7943;20.6775;21.0319;20.5619;20.7943;20.4477;19.1697;20.5619;20.4477;20.7943;21.0319;20.3347;20.3347;20.4477;20.9124;20.5619;20.7943;20.9124;20.9124;20.7943;20.9124;20.6775;20.9124;20.3347;20.6775;20.3347;20.6775;20.6775;20.5619;20.4477;20.6775;20.6775;20.5619;20.7943;20.5619;20.3347;20.9124;20.1125;18.5888;20.3347;20.6775;20.4477;20.3347;20.3347;20.9124;20.5619;20.9124;20.6775;20.6775;20.5619;20.6775;20.4477;20.6775;20.7943;20.6775;20.7943;20.3347;20.6775;20.6775;20.7943;20.5619;20.7943;20.5619;20.7943;20.6775;20.7943;20.7943;20.4477;20.6775;20.6775;20.5619;20.7943;20.6775;20.5619
Add;5928;11.9241;17.752;20.9124;21.0721;22.0835;22.2616;23.2949;23.2949;22.6266;22.8136;23.3936;23.197;23.3936;23.197;23.2949;23.0037;23.0037;23.0999;23.4931;23.0999;23.3936;23.0999;23.4931;23.0999;23.4931;23.0999;23.5935;22.9082;23.5935;23.0999;23.4931;23.197;22.8136;23.197;23.4931;23.4931;23.197;23.4931;23.197;23.5935;23.3936;23.3936;23.4931;23.4931;23.4931;23.4931;23.197;23.197;23.2949;23.4931;23.7969;23.4931;23.4931;23.4931;23.4931;23.4931;23.6948;23.4931;23.4931;23.8999;23.197;23.3936;23.4931;23.4931;22.3517;23.2949;23.7969;23.4931;23.4931;23.4931;23.2949;23.5935;23.3936;23.4931;23.0999;23.4931;23.3936;23.4931;23.5935;23.4931;23.6948;23.3936;23.197;23.7969;23.5935;23.5935;23.4931;23.197;23.5935;23.5935;23.197;23.3936;23.3936;23.4931;23.3936;23.3936;23.0999;23.5935;23.2949;23.5935
Triad;5928;11.7466;16.8834;20.3723;20.1492;19.1697;20.223;20.8335;20.1492;21.3161;20.7552;21.2342;22.0835;21.7357;21.3988;21.7357;21.9083;21.0721;20.0032;21.9083;22.0835;21.8217;21.7357;21.7357;22.0835;21.2342;20.9919;21.0721;21.3988;21.482;22.0835;22.0835;21.9083;20.4477;20.9919;20.2974;21.1528;20.9124;21.482;21.3988;21.482;21.5659;21.3988;21.7357;21.9083;21.9955;21.3988;21.9083;22.0835;22.0835;21.2342;20.8335;21.2342;20.8335;21.3988;20.8335;21.3988;20.7552;21.1528;20.7552;22.0835;21.8217;21.9083;20.8335;21.3161;21.2342;21.0721;21.1528;20.9919;21.0721;20.9919;21.9083;21.482;21.3988;21.482;21.2342;21.3988;21.1528;21.5659;21.5659;20.9124;21.2342;20.9919;21.2342;20.7552;21.0721;20.9919;21.3161;21.3988;21.2342;20.9919;21.0721;21.3988;21.1528;21.1528;20.9919;20.9124;21.2342;21.1528;20.9919;21.2342
Dot;3952;1.9505;1.97987;1.9735;1.9735;1.97245;1.98094;1.97987;1.97987;1.98094;1.98201;1.97668;1.97562;1.97456;1.9735;1.97456;1.97987;1.97987;1.98201;1.97881;1.97668;1.97668;1.97456;1.9735;1.97562;1.98414;1.97987;1.98307;1.97987;1.97668;1.97562;1.97245;1.97456;1.97562;1.97456;1.97987;1.98201;1.97668;1.9735;1.97668;1.9735;1.97668;1.97562;1.97775;1.98094;1.98201;1.97881;1.9735;1.97456;1.97245;1.97456;1.97668;1.97775;1.97881;1.97881;1.97775;1.97562;1.97562;1.97245;1.96928;1.97881;1.97987;1.98307;1.98094;1.97775;1.97456;1.97562;1.96928;1.97562;1.97668;1.97881;1.98414;1.98094;1.97881;1.97668;1.97562;1.97245;1.9735;1.97668;1.97881;1.98094;1.97987;1.97987;1.97562;1.97562;1.97245;1.97668;1.97881;1.98094;1.98094;1.98201;1.97987;1.97775;1.9735;1.97245;1.97139;1.9735;1.97668;1.98201;1.98414;1.97987
Nstream;7904;13.7592;19.474;20.5619;20.4477;20.1125;21.7144;21.2138;21.2751;21.2751;21.2751;21.587;22.4426;22.1056;21.587;21.3988;21.587;20.5047;22.0394;22.1056;21.7786;22.0394;22.3744;21.3367;20.5047;21.8432;21.0922;21.0922;21.1528;21.2751;21.5239;21.2751;22.1056;20.8532;20.8532;22.2392;22.1722;22.0394;21.587;21.7144;21.4611;22.3744;22.1056;21.4611;21.2138;21.9737;21.1528;20.7357;21.7786;20.6195;21.2138;21.0319;21.587;22.1722;22.1722;22.1056;22.0394;22.2392;21.9083;21.3988;20.223;22.1056;20.9124;20.972;21.3367;18.6359;21.1528;22.3066;21.2751;21.0922;21.2751;22.2392;21.8432;22.1722;22.2392;21.8432;22.3744;22.5803;22.0394;22.5112;22.4426;22.1056;22.3066;22.3066;22.3066;22.3066;22.2392;22.1056;22.0394;22.3066;22.0394;22.3066;22.5112;22.6498;22.3066;22.5112;22.2392;22.3066;22.3066;22.1056;21.9737
